coreid,ac:accessURI,idigbio:dateModified,idigbio:dataQualityScore,idigbio:etag,idigbio:flags,dcterms:format,idigbio:hasSpecimen,ac:licenseLogoURL,idigbio:mediaType,dcterms:modified,idigbio:recordIds,idigbio:records,idigbio:recordsets,dcterms:rights,ac:tag,dc:type,idigbio:uuid,idigbio:version,xmpRights:WebStatement,exif:PixelXDimension,exif:PixelYDimension
5b61600c-321d-41ef-a865-d666e377f938,https://cdn.plantatlas.org/img/specimens/USF/297730.jpg,2019-05-06T20:56:27.067349+00:00,0.5454545454545454,419ee4203da3a9720531f18ef744cde7356285dd,"[""dwc_basisofrecord_invalid""]",image/jpeg,true,https://i.creativecommons.org/l/by-nc-sa/4.0/88x31.png,images,,"[""f1cf8457-237e-487a-9d13-5de7d81b9de4\\media\\https://cdn.plantatlas.org/img/specimens/usf/297730.jpg""]","[""5b61600c-321d-41ef-a865-d666e377f938""]",f1cf8457-237e-487a-9d13-5de7d81b9de4,BY-NC-SA,,stillimage,7f97079a-ae37-4163-b922-4a9eb7fb9dfe,,http://creativecommons.org/licenses/by-nc-sa/4.0/,,
f94afa4e-8ae9-4387-99d0-fc8e64dc5890,https://cdn.plantatlas.org/img/specimens/USF/158655.jpg,2019-05-06T20:56:27.067349+00:00,0.5454545454545454,adfaa871026087804912d093f3c9740de4347782,"[""dwc_basisofrecord_invalid""]",image/jpeg,true,https://i.creativecommons.org/l/by-nc-sa/4.0/88x31.png,images,,"[""f1cf8457-237e-487a-9d13-5de7d81b9de4\\media\\https://cdn.plantatlas.org/img/specimens/usf/158655.jpg""]","[""f94afa4e-8ae9-4387-99d0-fc8e64dc5890""]",f1cf8457-237e-487a-9d13-5de7d81b9de4,BY-NC-SA,,stillimage,400093c2-e922-4e95-bb4f-35e708268c35,,http://creativecommons.org/licenses/by-nc-sa/4.0/,,
75f39ff5-f625-4081-97c5-33833688431d,https://cdn.plantatlas.org/img/specimens/USF/269355.jpg,2019-05-06T20:56:27.067349+00:00,0.5454545454545454,61a2ad610544c9d870984657945e70f5c9e30ff8,"[""dwc_basisofrecord_invalid""]",image/jpeg,true,https://i.creativecommons.org/l/by-nc-sa/4.0/88x31.png,images,,"[""f1cf8457-237e-487a-9d13-5de7d81b9de4\\media\\https://cdn.plantatlas.org/img/specimens/usf/269355.jpg""]","[""75f39ff5-f625-4081-97c5-33833688431d""]",f1cf8457-237e-487a-9d13-5de7d81b9de4,BY-NC-SA,,stillimage,a636c0ea-00d6-4d4e-9ce5-4ad8e39730f7,,http://creativecommons.org/licenses/by-nc-sa/4.0/,,
7d53568e-0c8d-4c0b-b8f3-af4eb1fcd889,https://cdn.plantatlas.org/img/specimens/USF/8444.jpg,2019-05-06T20:56:27.067349+00:00,0.5454545454545454,2ecf5a5a5d3a310d61b5ec1caaf7a0980e3e5deb,"[""dwc_basisofrecord_invalid""]",image/jpeg,true,https://i.creativecommons.org/l/by-nc-sa/4.0/88x31.png,images,,"[""f1cf8457-237e-487a-9d13-5de7d81b9de4\\media\\https://cdn.plantatlas.org/img/specimens/usf/8444.jpg""]","[""7d53568e-0c8d-4c0b-b8f3-af4eb1fcd889""]",f1cf8457-237e-487a-9d13-5de7d81b9de4,BY-NC-SA,,stillimage,1d122801-e073-4e7d-9f43-3a8868f207db,,http://creativecommons.org/licenses/by-nc-sa/4.0/,,
937ebcd9-1043-4e73-94e7-6b4ddf35da8a,https://cdn.plantatlas.org/img/specimens/USF/155415.jpg,2019-05-06T20:56:27.067349+00:00,0.5454545454545454,665ed56b0391d6ddd2227fff5085f888c1857048,"[""dwc_basisofrecord_invalid""]",image/jpeg,true,https://i.creativecommons.org/l/by-nc-sa/4.0/88x31.png,images,,"[""f1cf8457-237e-487a-9d13-5de7d81b9de4\\media\\https://cdn.plantatlas.org/img/specimens/usf/155415.jpg""]","[""937ebcd9-1043-4e73-94e7-6b4ddf35da8a""]",f1cf8457-237e-487a-9d13-5de7d81b9de4,BY-NC-SA,,stillimage,c66ba8fe-17d5-4461-996b-cd14a4c6a9f0,,http://creativecommons.org/licenses/by-nc-sa/4.0/,,
2e84e483-1ce3-4658-820e-87c55a5f2f11,https://cdn.plantatlas.org/img/specimens/USF/167541.jpg,2019-05-06T20:56:27.067349+00:00,0.5454545454545454,f893c29e851d4ea901372a907e4c0b12bb5a018e,"[""dwc_basisofrecord_invalid""]",image/jpeg,true,https://i.creativecommons.org/l/by-nc-sa/4.0/88x31.png,images,,"[""f1cf8457-237e-487a-9d13-5de7d81b9de4\\media\\https://cdn.plantatlas.org/img/specimens/usf/167541.jpg""]","[""2e84e483-1ce3-4658-820e-87c55a5f2f11""]",f1cf8457-237e-487a-9d13-5de7d81b9de4,BY-NC-SA,,stillimage,9839817b-76f0-467e-a53e-db4815bb7949,,http://creativecommons.org/licenses/by-nc-sa/4.0/,,
0950a903-af5a-4049-902a-e7b90a6e0143,https://cdn.plantatlas.org/img/specimens/USF/210048.jpg,2019-05-06T20:56:27.067349+00:00,0.5454545454545454,edd988580fee7adf524816e563124ce3ca195ceb,"[""dwc_basisofrecord_invalid""]",image/jpeg,true,https://i.creativecommons.org/l/by-nc-sa/4.0/88x31.png,images,,"[""f1cf8457-237e-487a-9d13-5de7d81b9de4\\media\\https://cdn.plantatlas.org/img/specimens/usf/210048.jpg""]","[""0950a903-af5a-4049-902a-e7b90a6e0143""]",f1cf8457-237e-487a-9d13-5de7d81b9de4,BY-NC-SA,,stillimage,bc00cc49-2c9e-4dae-91ea-681fd071b921,,http://creativecommons.org/licenses/by-nc-sa/4.0/,,
39b47137-109e-46fb-b235-819f9b2fc908,https://cdn.plantatlas.org/img/specimens/USF/146654.jpg,2019-05-06T20:56:27.067349+00:00,0.5454545454545454,4a9943de4f86095b04ebab539882a30e9f3a5977,"[""dwc_basisofrecord_invalid""]",image/jpeg,true,https://i.creativecommons.org/l/by-nc-sa/4.0/88x31.png,images,,"[""f1cf8457-237e-487a-9d13-5de7d81b9de4\\media\\https://cdn.plantatlas.org/img/specimens/usf/146654.jpg""]","[""39b47137-109e-46fb-b235-819f9b2fc908""]",f1cf8457-237e-487a-9d13-5de7d81b9de4,BY-NC-SA,,stillimage,a74c9ce1-8582-4008-ad72-86138efa6498,,http://creativecommons.org/licenses/by-nc-sa/4.0/,,
1908b20b-3acc-4554-b70c-17fd70fdd43d,https://cdn.plantatlas.org/img/specimens/USF/249260.jpg,2019-05-06T20:56:27.067349+00:00,0.5454545454545454,3cde6ef32d15f001770b27ff3033461cae044bc9,"[""dwc_basisofrecord_invalid""]",image/jpeg,true,https://i.creativecommons.org/l/by-nc-sa/4.0/88x31.png,images,,"[""f1cf8457-237e-487a-9d13-5de7d81b9de4\\media\\https://cdn.plantatlas.org/img/specimens/usf/249260.jpg""]","[""1908b20b-3acc-4554-b70c-17fd70fdd43d""]",f1cf8457-237e-487a-9d13-5de7d81b9de4,BY-NC-SA,,stillimage,5db33b1f-fdc8-4601-a12a-aa739bd9e3b4,,http://creativecommons.org/licenses/by-nc-sa/4.0/,,
d65921cd-6146-468f-bae0-54e1c8fc6a3b,https://cdn.plantatlas.org/img/specimens/USF/239681.jpg,2019-05-06T20:56:27.067349+00:00,0.5454545454545454,748b5a93c6fb8e0f8258e70f5d5a906f2ccfe4b5,"[""dwc_basisofrecord_invalid""]",image/jpeg,true,https://i.creativecommons.org/l/by-nc-sa/4.0/88x31.png,images,,"[""f1cf8457-237e-487a-9d13-5de7d81b9de4\\media\\https://cdn.plantatlas.org/img/specimens/usf/239681.jpg""]","[""d65921cd-6146-468f-bae0-54e1c8fc6a3b""]",f1cf8457-237e-487a-9d13-5de7d81b9de4,BY-NC-SA,,stillimage,f13f59d3-aef1-4a64-a803-7fe646923f61,,http://creativecommons.org/licenses/by-nc-sa/4.0/,,
d624cc29-feaf-4640-b52d-f337b794c78f,https://cdn.plantatlas.org/img/specimens/USF/52081.jpg,2019-05-06T20:56:27.067349+00:00,0.5454545454545454,bb76fb95f06945ad08aeba815d5489215c6d0b31,"[""dwc_basisofrecord_invalid""]",image/jpeg,true,https://i.creativecommons.org/l/by-nc-sa/4.0/88x31.png,images,,"[""f1cf8457-237e-487a-9d13-5de7d81b9de4\\media\\https://cdn.plantatlas.org/img/specimens/usf/52081.jpg""]","[""d624cc29-feaf-4640-b52d-f337b794c78f""]",f1cf8457-237e-487a-9d13-5de7d81b9de4,BY-NC-SA,,stillimage,71102e8c-f04a-46e4-bfdc-784855539bb1,,http://creativecommons.org/licenses/by-nc-sa/4.0/,,
dbb5a776-739e-4796-b825-7cffd0d4d12c,https://cdn.plantatlas.org/img/specimens/USF/132728.jpg,2019-05-06T20:56:27.067349+00:00,0.5454545454545454,36023c72a0ff428bca6e0ccdb36a38e056800de5,"[""dwc_basisofrecord_invalid""]",image/jpeg,true,https://i.creativecommons.org/l/by-nc-sa/4.0/88x31.png,images,,"[""f1cf8457-237e-487a-9d13-5de7d81b9de4\\media\\https://cdn.plantatlas.org/img/specimens/usf/132728.jpg""]","[""dbb5a776-739e-4796-b825-7cffd0d4d12c""]",f1cf8457-237e-487a-9d13-5de7d81b9de4,BY-NC-SA,,stillimage,962bca3e-1d04-48ba-b561-4292ebba5fcd,,http://creativecommons.org/licenses/by-nc-sa/4.0/,,
fbc40b62-1d2a-4a53-a468-932cf5b72b24,https://cdn.plantatlas.org/img/specimens/USF/134908.jpg,2019-05-06T20:56:27.067349+00:00,0.5454545454545454,55c72a03430bfbe4e45be0e03270c6886cf09c4a,"[""dwc_basisofrecord_invalid""]",image/jpeg,true,https://i.creativecommons.org/l/by-nc-sa/4.0/88x31.png,images,,"[""f1cf8457-237e-487a-9d13-5de7d81b9de4\\media\\https://cdn.plantatlas.org/img/specimens/usf/134908.jpg""]","[""fbc40b62-1d2a-4a53-a468-932cf5b72b24""]",f1cf8457-237e-487a-9d13-5de7d81b9de4,BY-NC-SA,,stillimage,532348c1-d29a-4e43-8c7c-6a6ab27705bc,,http://creativecommons.org/licenses/by-nc-sa/4.0/,,
8ca51dbc-5a76-4d77-a353-460deb0a3a46,https://cdn.plantatlas.org/img/specimens/USF/170096.jpg,2019-05-06T20:56:27.067349+00:00,0.5454545454545454,70f31629883539d01ddec4a680640f592fdace2c,"[""dwc_basisofrecord_invalid""]",image/jpeg,true,https://i.creativecommons.org/l/by-nc-sa/4.0/88x31.png,images,,"[""f1cf8457-237e-487a-9d13-5de7d81b9de4\\media\\https://cdn.plantatlas.org/img/specimens/usf/170096.jpg""]","[""8ca51dbc-5a76-4d77-a353-460deb0a3a46""]",f1cf8457-237e-487a-9d13-5de7d81b9de4,BY-NC-SA,,stillimage,fd45f84f-7902-4ad2-95c8-5572f3cda6d2,,http://creativecommons.org/licenses/by-nc-sa/4.0/,,
51d325bb-9505-4cd0-940b-2d7bda700d3a,https://cdn.plantatlas.org/img/specimens/USF/682.jpg,2019-05-06T20:56:27.067349+00:00,0.5454545454545454,a7a2c68fbf5f0910b7c0dea42f09aa074449d730,"[""dwc_basisofrecord_invalid""]",image/jpeg,true,https://i.creativecommons.org/l/by-nc-sa/4.0/88x31.png,images,,"[""f1cf8457-237e-487a-9d13-5de7d81b9de4\\media\\https://cdn.plantatlas.org/img/specimens/usf/682.jpg""]","[""51d325bb-9505-4cd0-940b-2d7bda700d3a""]",f1cf8457-237e-487a-9d13-5de7d81b9de4,BY-NC-SA,,stillimage,5a6af36d-f6ae-47bc-a8f6-9f91f990880e,,http://creativecommons.org/licenses/by-nc-sa/4.0/,,
1c36bc0f-7880-4c5b-a761-254b2f47ebe6,https://cdn.plantatlas.org/img/specimens/USF/135204.jpg,2019-05-06T20:56:27.067349+00:00,0.5454545454545454,20ca4b63e03c929065cf47db86b8dd723f5688c6,"[""dwc_basisofrecord_invalid""]",image/jpeg,true,https://i.creativecommons.org/l/by-nc-sa/4.0/88x31.png,images,,"[""f1cf8457-237e-487a-9d13-5de7d81b9de4\\media\\https://cdn.plantatlas.org/img/specimens/usf/135204.jpg""]","[""1c36bc0f-7880-4c5b-a761-254b2f47ebe6""]",f1cf8457-237e-487a-9d13-5de7d81b9de4,BY-NC-SA,,stillimage,9db37da0-20ee-4049-8f81-a3b6e2802aa5,,http://creativecommons.org/licenses/by-nc-sa/4.0/,,
46448df5-7b23-4b01-820e-12e00ae6a966,https://cdn.plantatlas.org/img/specimens/USF/253053.jpg,2019-05-06T20:56:27.067349+00:00,0.5454545454545454,d647c0bd51c13e14012b12c45a3d0345d2064217,"[""dwc_basisofrecord_invalid""]",image/jpeg,true,https://i.creativecommons.org/l/by-nc-sa/4.0/88x31.png,images,,"[""f1cf8457-237e-487a-9d13-5de7d81b9de4\\media\\https://cdn.plantatlas.org/img/specimens/usf/253053.jpg""]","[""46448df5-7b23-4b01-820e-12e00ae6a966""]",f1cf8457-237e-487a-9d13-5de7d81b9de4,BY-NC-SA,,stillimage,bab51f89-b714-4b5c-94f2-81a311193e72,,http://creativecommons.org/licenses/by-nc-sa/4.0/,,
a666e8ed-c264-4798-b8a2-c475757f6ba1,https://cdn.plantatlas.org/img/specimens/USF/188794.jpg,2019-05-06T20:56:27.067349+00:00,0.5454545454545454,c1de732a864a2eede8494bd5ee91932548d425f8,"[""dwc_basisofrecord_invalid""]",image/jpeg,true,https://i.creativecommons.org/l/by-nc-sa/4.0/88x31.png,images,,"[""f1cf8457-237e-487a-9d13-5de7d81b9de4\\media\\https://cdn.plantatlas.org/img/specimens/usf/188794.jpg""]","[""a666e8ed-c264-4798-b8a2-c475757f6ba1""]",f1cf8457-237e-487a-9d13-5de7d81b9de4,BY-NC-SA,,stillimage,abeddb49-debb-4eba-9d65-7f1fdc80830e,,http://creativecommons.org/licenses/by-nc-sa/4.0/,,
26e5b04e-26bd-4770-8563-be1713c28ff4,https://cdn.plantatlas.org/img/specimens/USF/80454.jpg,2019-05-06T20:56:27.067349+00:00,0.5454545454545454,7908120599d24a055930a53300247e856eb4a3c2,"[""dwc_basisofrecord_invalid""]",image/jpeg,true,https://i.creativecommons.org/l/by-nc-sa/4.0/88x31.png,images,,"[""f1cf8457-237e-487a-9d13-5de7d81b9de4\\media\\https://cdn.plantatlas.org/img/specimens/usf/80454.jpg""]","[""26e5b04e-26bd-4770-8563-be1713c28ff4""]",f1cf8457-237e-487a-9d13-5de7d81b9de4,BY-NC-SA,,stillimage,181ebd83-3121-475f-8e80-c7c32a0308a1,,http://creativecommons.org/licenses/by-nc-sa/4.0/,,
ccd827b0-837a-475c-b2f1-e4ae5450d3bf,https://cdn.plantatlas.org/img/specimens/USF/252866.jpg,2019-05-06T20:56:27.067349+00:00,0.5454545454545454,76b6b92b178e456cffd76d8fea42d28e72a887b7,"[""dwc_basisofrecord_invalid""]",image/jpeg,true,https://i.creativecommons.org/l/by-nc-sa/4.0/88x31.png,images,,"[""f1cf8457-237e-487a-9d13-5de7d81b9de4\\media\\https://cdn.plantatlas.org/img/specimens/usf/252866.jpg""]","[""ccd827b0-837a-475c-b2f1-e4ae5450d3bf""]",f1cf8457-237e-487a-9d13-5de7d81b9de4,BY-NC-SA,,stillimage,d140dfce-7d64-4773-87fb-fedc729c4b54,,http://creativecommons.org/licenses/by-nc-sa/4.0/,,
645594e4-838c-49a5-8961-1eea2c22a92c,https://cdn.plantatlas.org/img/specimens/USF/291014.jpg,2019-05-06T20:56:27.067349+00:00,0.5454545454545454,32e7f2e0d0bc06e6e1c977d2eccf6cf24997b3fe,"[""dwc_basisofrecord_invalid""]",image/jpeg,true,https://i.creativecommons.org/l/by-nc-sa/4.0/88x31.png,images,,"[""f1cf8457-237e-487a-9d13-5de7d81b9de4\\media\\https://cdn.plantatlas.org/img/specimens/usf/291014.jpg""]","[""645594e4-838c-49a5-8961-1eea2c22a92c""]",f1cf8457-237e-487a-9d13-5de7d81b9de4,BY-NC-SA,,stillimage,4b2fc566-25b6-4f15-8a81-40089a5eaa52,,http://creativecommons.org/licenses/by-nc-sa/4.0/,,
7ad3ed9c-a0d9-408e-acd7-9b25b5c502e9,https://cdn.plantatlas.org/img/specimens/USF/115851.jpg,2019-05-06T20:56:27.067349+00:00,0.5454545454545454,55e531a05fa741da6beb659b58e4687dc087334d,"[""dwc_basisofrecord_invalid""]",image/jpeg,true,https://i.creativecommons.org/l/by-nc-sa/4.0/88x31.png,images,,"[""f1cf8457-237e-487a-9d13-5de7d81b9de4\\media\\https://cdn.plantatlas.org/img/specimens/usf/115851.jpg""]","[""7ad3ed9c-a0d9-408e-acd7-9b25b5c502e9""]",f1cf8457-237e-487a-9d13-5de7d81b9de4,BY-NC-SA,,stillimage,c2bc0c2c-b448-485d-9cbf-d663ee7bfad4,,http://creativecommons.org/licenses/by-nc-sa/4.0/,,
ec2d5dc8-5b10-4cfd-aafd-f189b081c0a9,https://cdn.plantatlas.org/img/specimens/USF/45944.jpg,2019-05-06T20:56:27.067349+00:00,0.5454545454545454,d7a24e0ea665721c0a65285edb6354fc6ea62509,"[""dwc_basisofrecord_invalid""]",image/jpeg,true,https://i.creativecommons.org/l/by-nc-sa/4.0/88x31.png,images,,"[""f1cf8457-237e-487a-9d13-5de7d81b9de4\\media\\https://cdn.plantatlas.org/img/specimens/usf/45944.jpg""]","[""ec2d5dc8-5b10-4cfd-aafd-f189b081c0a9""]",f1cf8457-237e-487a-9d13-5de7d81b9de4,BY-NC-SA,,stillimage,3a793fea-3cce-4838-a765-8864a01353ac,,http://creativecommons.org/licenses/by-nc-sa/4.0/,,
cdb0c3d5-7565-46de-bbc0-4839e2721b79,https://cdn.plantatlas.org/img/specimens/USF/54744.jpg,2019-05-06T20:56:27.067349+00:00,0.5454545454545454,ed242a5b746f2462697b66f4dbf3cba77fd4b0a0,"[""dwc_basisofrecord_invalid""]",image/jpeg,true,https://i.creativecommons.org/l/by-nc-sa/4.0/88x31.png,images,,"[""f1cf8457-237e-487a-9d13-5de7d81b9de4\\media\\https://cdn.plantatlas.org/img/specimens/usf/54744.jpg""]","[""cdb0c3d5-7565-46de-bbc0-4839e2721b79""]",f1cf8457-237e-487a-9d13-5de7d81b9de4,BY-NC-SA,,stillimage,b8bfd670-503e-468f-b600-65ceace3b01a,,http://creativecommons.org/licenses/by-nc-sa/4.0/,,
244c8b33-f9ed-4a76-a2d6-da2b616ef42e,https://cdn.plantatlas.org/img/specimens/USF/53603.jpg,2019-05-06T20:56:27.067349+00:00,0.5454545454545454,a67e5658159f00f16a4f0105139385903a33f509,"[""dwc_basisofrecord_invalid""]",image/jpeg,true,https://i.creativecommons.org/l/by-nc-sa/4.0/88x31.png,images,,"[""f1cf8457-237e-487a-9d13-5de7d81b9de4\\media\\https://cdn.plantatlas.org/img/specimens/usf/53603.jpg""]","[""244c8b33-f9ed-4a76-a2d6-da2b616ef42e""]",f1cf8457-237e-487a-9d13-5de7d81b9de4,BY-NC-SA,,stillimage,94f816f3-3e57-4c93-8691-7b9292b345b0,,http://creativecommons.org/licenses/by-nc-sa/4.0/,,
4051fd63-7364-44ba-a5c7-05e858887d57,https://cdn.plantatlas.org/img/specimens/USF/102325.jpg,2019-05-06T20:56:27.067349+00:00,0.5454545454545454,03631ef4cb35c63a01d0757c95e77fa3ae8f43eb,"[""dwc_basisofrecord_invalid""]",image/jpeg,true,https://i.creativecommons.org/l/by-nc-sa/4.0/88x31.png,images,,"[""f1cf8457-237e-487a-9d13-5de7d81b9de4\\media\\https://cdn.plantatlas.org/img/specimens/usf/102325.jpg""]","[""4051fd63-7364-44ba-a5c7-05e858887d57""]",f1cf8457-237e-487a-9d13-5de7d81b9de4,BY-NC-SA,,stillimage,8dba46e6-349e-48f7-8fea-4936190f65ee,,http://creativecommons.org/licenses/by-nc-sa/4.0/,,
7217a42d-08d5-4b18-946d-b3e5669aeb6c,https://cdn.plantatlas.org/img/specimens/USF/160733.jpg,2019-05-06T20:56:27.067349+00:00,0.5454545454545454,3e1b6ff74f9f6d760040a1ecbabdaccdac74e69c,"[""dwc_basisofrecord_invalid""]",image/jpeg,true,https://i.creativecommons.org/l/by-nc-sa/4.0/88x31.png,images,,"[""f1cf8457-237e-487a-9d13-5de7d81b9de4\\media\\https://cdn.plantatlas.org/img/specimens/usf/160733.jpg""]","[""7217a42d-08d5-4b18-946d-b3e5669aeb6c""]",f1cf8457-237e-487a-9d13-5de7d81b9de4,BY-NC-SA,,stillimage,9e6e3ad0-dbdb-4892-858a-8255db78bd14,,http://creativecommons.org/licenses/by-nc-sa/4.0/,,
e3e3db0e-fbf5-4c29-a7be-5fbf2d2948a9,https://cdn.plantatlas.org/img/specimens/USF/132506.jpg,2019-05-06T20:56:27.067349+00:00,0.5454545454545454,66d777cf4683b2586d79450dacc34d122f094c1e,"[""dwc_basisofrecord_invalid""]",image/jpeg,true,https://i.creativecommons.org/l/by-nc-sa/4.0/88x31.png,images,,"[""f1cf8457-237e-487a-9d13-5de7d81b9de4\\media\\https://cdn.plantatlas.org/img/specimens/usf/132506.jpg""]","[""e3e3db0e-fbf5-4c29-a7be-5fbf2d2948a9""]",f1cf8457-237e-487a-9d13-5de7d81b9de4,BY-NC-SA,,stillimage,428743c8-17a3-430a-802e-6ef3e84b9723,,http://creativecommons.org/licenses/by-nc-sa/4.0/,,
50d06de1-1cd5-47a6-9aa3-832458cfe161,https://cdn.plantatlas.org/img/specimens/USF/229076.jpg,2019-05-06T20:56:27.067349+00:00,0.5454545454545454,0bfb2517b2513418578741e0d39be27cd35bccc7,"[""dwc_basisofrecord_invalid""]",image/jpeg,true,https://i.creativecommons.org/l/by-nc-sa/4.0/88x31.png,images,,"[""f1cf8457-237e-487a-9d13-5de7d81b9de4\\media\\https://cdn.plantatlas.org/img/specimens/usf/229076.jpg""]","[""50d06de1-1cd5-47a6-9aa3-832458cfe161""]",f1cf8457-237e-487a-9d13-5de7d81b9de4,BY-NC-SA,,stillimage,f747b2f3-c96f-4637-b276-c362ea062b20,,http://creativecommons.org/licenses/by-nc-sa/4.0/,,
1175cf7d-6551-4209-a351-f43f512d03c0,https://cdn.plantatlas.org/img/specimens/USF/235363.jpg,2019-05-06T20:56:27.067349+00:00,0.5454545454545454,08013ea57a9bd0716099166a2303ed65742595fe,"[""dwc_basisofrecord_invalid""]",image/jpeg,true,https://i.creativecommons.org/l/by-nc-sa/4.0/88x31.png,images,,"[""f1cf8457-237e-487a-9d13-5de7d81b9de4\\media\\https://cdn.plantatlas.org/img/specimens/usf/235363.jpg""]","[""1175cf7d-6551-4209-a351-f43f512d03c0""]",f1cf8457-237e-487a-9d13-5de7d81b9de4,BY-NC-SA,,stillimage,13ed2bf3-eb6c-49f5-8c19-85ce813b9f51,,http://creativecommons.org/licenses/by-nc-sa/4.0/,,
f2fedfe7-88eb-4353-958d-fbdebd18e203,https://cdn.plantatlas.org/img/specimens/USF/246100.jpg,2019-05-06T20:56:27.067349+00:00,0.5454545454545454,42998aa3593c50064e878cf643631f33e4b92d69,"[""dwc_basisofrecord_invalid""]",image/jpeg,true,https://i.creativecommons.org/l/by-nc-sa/4.0/88x31.png,images,,"[""f1cf8457-237e-487a-9d13-5de7d81b9de4\\media\\https://cdn.plantatlas.org/img/specimens/usf/246100.jpg""]","[""f2fedfe7-88eb-4353-958d-fbdebd18e203""]",f1cf8457-237e-487a-9d13-5de7d81b9de4,BY-NC-SA,,stillimage,f36c7677-8dfb-4c40-ab20-2e8407f4ee7e,,http://creativecommons.org/licenses/by-nc-sa/4.0/,,
55c605e1-e0ca-4bed-949c-9ebf906da548,https://cdn.plantatlas.org/img/specimens/USF/256074.jpg,2019-05-06T20:56:27.067349+00:00,0.5454545454545454,854218ccd255f9d4921af3042600839c62a2ec31,"[""dwc_basisofrecord_invalid""]",image/jpeg,true,https://i.creativecommons.org/l/by-nc-sa/4.0/88x31.png,images,,"[""f1cf8457-237e-487a-9d13-5de7d81b9de4\\media\\https://cdn.plantatlas.org/img/specimens/usf/256074.jpg""]","[""55c605e1-e0ca-4bed-949c-9ebf906da548""]",f1cf8457-237e-487a-9d13-5de7d81b9de4,BY-NC-SA,,stillimage,9b4a28a3-3b16-40df-b11f-e1cf2145df2c,,http://creativecommons.org/licenses/by-nc-sa/4.0/,,
e7e87e0b-5f2c-4c51-b528-9a9e19b60f2a,https://cdn.plantatlas.org/img/specimens/USF/38635.jpg,2019-05-06T20:56:27.067349+00:00,0.5454545454545454,625cb89d6f5d76ceb6082668f9cb5a5a45f82f74,"[""dwc_basisofrecord_invalid""]",image/jpeg,true,https://i.creativecommons.org/l/by-nc-sa/4.0/88x31.png,images,,"[""f1cf8457-237e-487a-9d13-5de7d81b9de4\\media\\https://cdn.plantatlas.org/img/specimens/usf/38635.jpg""]","[""e7e87e0b-5f2c-4c51-b528-9a9e19b60f2a""]",f1cf8457-237e-487a-9d13-5de7d81b9de4,BY-NC-SA,,stillimage,51f97b38-6145-4cb5-b1cb-6de7ab0918d0,,http://creativecommons.org/licenses/by-nc-sa/4.0/,,
7d2c7bd7-e3bc-44cc-ae87-2a14b258cbe6,https://cdn.plantatlas.org/img/specimens/USF/203507.jpg,2019-05-06T20:56:27.067349+00:00,0.5454545454545454,638a5fdd1721e2220247d01a9ee595255957fb41,"[""dwc_basisofrecord_invalid""]",image/jpeg,true,https://i.creativecommons.org/l/by-nc-sa/4.0/88x31.png,images,,"[""f1cf8457-237e-487a-9d13-5de7d81b9de4\\media\\https://cdn.plantatlas.org/img/specimens/usf/203507.jpg""]","[""7d2c7bd7-e3bc-44cc-ae87-2a14b258cbe6""]",f1cf8457-237e-487a-9d13-5de7d81b9de4,BY-NC-SA,,stillimage,78411f60-8c0a-4ab5-b58d-baa22aa9a2be,,http://creativecommons.org/licenses/by-nc-sa/4.0/,,
e19a5433-834c-4661-aa8c-2ebf8e00c1fa,https://cdn.plantatlas.org/img/specimens/USF/151361.jpg,2019-05-06T20:56:27.067349+00:00,0.5454545454545454,48bb262276f99cd148a439f4470caaeb8b02177d,"[""dwc_basisofrecord_invalid""]",image/jpeg,true,https://i.creativecommons.org/l/by-nc-sa/4.0/88x31.png,images,,"[""f1cf8457-237e-487a-9d13-5de7d81b9de4\\media\\https://cdn.plantatlas.org/img/specimens/usf/151361.jpg""]","[""e19a5433-834c-4661-aa8c-2ebf8e00c1fa""]",f1cf8457-237e-487a-9d13-5de7d81b9de4,BY-NC-SA,,stillimage,0ebf4645-34f2-459c-a11d-c9ea7d36df26,,http://creativecommons.org/licenses/by-nc-sa/4.0/,,
2cda2ee7-8105-495e-ae08-2e67de24d9a3,https://cdn.plantatlas.org/img/specimens/USF/36074.jpg,2019-05-06T20:56:27.067349+00:00,0.5454545454545454,a2de92f1c3bd58762fbf97f2d2dffa2f209c25fd,"[""dwc_basisofrecord_invalid""]",image/jpeg,true,https://i.creativecommons.org/l/by-nc-sa/4.0/88x31.png,images,,"[""f1cf8457-237e-487a-9d13-5de7d81b9de4\\media\\https://cdn.plantatlas.org/img/specimens/usf/36074.jpg""]","[""2cda2ee7-8105-495e-ae08-2e67de24d9a3""]",f1cf8457-237e-487a-9d13-5de7d81b9de4,BY-NC-SA,,stillimage,31fae744-c91c-4c64-8556-265f9ca465b6,,http://creativecommons.org/licenses/by-nc-sa/4.0/,,
8b37a5b5-0bd9-4e1a-89bf-0f70653fd4f7,https://cdn.plantatlas.org/img/specimens/USF/76307.jpg,2019-05-06T20:56:27.067349+00:00,0.5454545454545454,3ab0ad3b99d84cc80c2c63babe7c540cb4ee2007,"[""dwc_basisofrecord_invalid""]",image/jpeg,true,https://i.creativecommons.org/l/by-nc-sa/4.0/88x31.png,images,,"[""f1cf8457-237e-487a-9d13-5de7d81b9de4\\media\\https://cdn.plantatlas.org/img/specimens/usf/76307.jpg""]","[""8b37a5b5-0bd9-4e1a-89bf-0f70653fd4f7""]",f1cf8457-237e-487a-9d13-5de7d81b9de4,BY-NC-SA,,stillimage,30a87548-79d9-4441-ba2a-e50a20910079,,http://creativecommons.org/licenses/by-nc-sa/4.0/,,
32f2e531-bd3e-4a69-9e31-a789033b5318,https://cdn.plantatlas.org/img/specimens/USF/120178.jpg,2019-05-06T20:56:27.067349+00:00,0.5454545454545454,b191abdfd7aa72f430bd58181008da733f297e24,"[""dwc_basisofrecord_invalid""]",image/jpeg,true,https://i.creativecommons.org/l/by-nc-sa/4.0/88x31.png,images,,"[""f1cf8457-237e-487a-9d13-5de7d81b9de4\\media\\https://cdn.plantatlas.org/img/specimens/usf/120178.jpg""]","[""32f2e531-bd3e-4a69-9e31-a789033b5318""]",f1cf8457-237e-487a-9d13-5de7d81b9de4,BY-NC-SA,,stillimage,d2d7aeec-104c-4c41-b13d-60fd264d8469,,http://creativecommons.org/licenses/by-nc-sa/4.0/,,
0c2b7b1c-5cbf-4443-a22e-aa9cf8d659b3,https://cdn.plantatlas.org/img/specimens/USF/168213.jpg,2019-05-06T20:56:27.067349+00:00,0.5454545454545454,e330cc9ee21b48f5e7017a4a949b51ad09d43e48,"[""dwc_basisofrecord_invalid""]",image/jpeg,true,https://i.creativecommons.org/l/by-nc-sa/4.0/88x31.png,images,,"[""f1cf8457-237e-487a-9d13-5de7d81b9de4\\media\\https://cdn.plantatlas.org/img/specimens/usf/168213.jpg""]","[""0c2b7b1c-5cbf-4443-a22e-aa9cf8d659b3""]",f1cf8457-237e-487a-9d13-5de7d81b9de4,BY-NC-SA,,stillimage,8b951c15-f345-4b0f-b199-ef54bd8712cf,,http://creativecommons.org/licenses/by-nc-sa/4.0/,,
b6de865e-f332-4b8d-a826-4bbb8f39f638,https://cdn.plantatlas.org/img/specimens/USF/204891.jpg,2019-05-06T20:56:27.067349+00:00,0.5454545454545454,357521ea0c79fbad9be03b6a718fa024430da0dc,"[""dwc_basisofrecord_invalid""]",image/jpeg,true,https://i.creativecommons.org/l/by-nc-sa/4.0/88x31.png,images,,"[""f1cf8457-237e-487a-9d13-5de7d81b9de4\\media\\https://cdn.plantatlas.org/img/specimens/usf/204891.jpg""]","[""b6de865e-f332-4b8d-a826-4bbb8f39f638""]",f1cf8457-237e-487a-9d13-5de7d81b9de4,BY-NC-SA,,stillimage,ed2afe0b-ecea-45a3-b2eb-3abb10cdae15,,http://creativecommons.org/licenses/by-nc-sa/4.0/,,
6acb27e6-c814-449d-8951-c5b1d5d15b26,https://cdn.plantatlas.org/img/specimens/USF/243788.jpg,2019-05-06T20:56:27.067349+00:00,0.5454545454545454,7d46b4547497882644958dddf38b2cc222725802,"[""dwc_basisofrecord_invalid""]",image/jpeg,true,https://i.creativecommons.org/l/by-nc-sa/4.0/88x31.png,images,,"[""f1cf8457-237e-487a-9d13-5de7d81b9de4\\media\\https://cdn.plantatlas.org/img/specimens/usf/243788.jpg""]","[""6acb27e6-c814-449d-8951-c5b1d5d15b26""]",f1cf8457-237e-487a-9d13-5de7d81b9de4,BY-NC-SA,,stillimage,d4d81078-abe9-4955-af16-16765a46d9ae,,http://creativecommons.org/licenses/by-nc-sa/4.0/,,
dfe97306-fcd1-49ec-9257-cab5054fef11,https://cdn.plantatlas.org/img/specimens/USF/279770.jpg,2019-05-06T20:56:27.067349+00:00,0.5454545454545454,c48aadde6c264922550f02d0a68e9d5864ae8a14,"[""dwc_basisofrecord_invalid""]",image/jpeg,true,https://i.creativecommons.org/l/by-nc-sa/4.0/88x31.png,images,,"[""f1cf8457-237e-487a-9d13-5de7d81b9de4\\media\\https://cdn.plantatlas.org/img/specimens/usf/279770.jpg""]","[""dfe97306-fcd1-49ec-9257-cab5054fef11""]",f1cf8457-237e-487a-9d13-5de7d81b9de4,BY-NC-SA,,stillimage,130302ae-6d63-4387-8dd6-f0c48be748b8,,http://creativecommons.org/licenses/by-nc-sa/4.0/,,
e139363f-dd2d-41d6-a3ad-7144d6906ce8,https://cdn.plantatlas.org/img/specimens/USF/136151.jpg,2019-05-06T20:56:27.067349+00:00,0.5454545454545454,dd6f2d3c1e75b7a255759773b27ae001e1d38d7c,"[""dwc_basisofrecord_invalid""]",image/jpeg,true,https://i.creativecommons.org/l/by-nc-sa/4.0/88x31.png,images,,"[""f1cf8457-237e-487a-9d13-5de7d81b9de4\\media\\https://cdn.plantatlas.org/img/specimens/usf/136151.jpg""]","[""e139363f-dd2d-41d6-a3ad-7144d6906ce8""]",f1cf8457-237e-487a-9d13-5de7d81b9de4,BY-NC-SA,,stillimage,2293f19e-b8a3-4808-96ce-a82ffce4d504,,http://creativecommons.org/licenses/by-nc-sa/4.0/,,
7a399c38-6ef1-4cb5-89ce-a692aa005fac,https://cdn.plantatlas.org/img/specimens/USF/297731.jpg,2019-05-06T20:56:27.067349+00:00,0.5454545454545454,4a6fd87c2524f2ffa69359c7cc73543916814617,"[""dwc_basisofrecord_invalid""]",image/jpeg,true,https://i.creativecommons.org/l/by-nc-sa/4.0/88x31.png,images,,"[""f1cf8457-237e-487a-9d13-5de7d81b9de4\\media\\https://cdn.plantatlas.org/img/specimens/usf/297731.jpg""]","[""7a399c38-6ef1-4cb5-89ce-a692aa005fac""]",f1cf8457-237e-487a-9d13-5de7d81b9de4,BY-NC-SA,,stillimage,54540a47-cf4f-4795-8ffd-90d97a4f6dde,,http://creativecommons.org/licenses/by-nc-sa/4.0/,,
677accd3-1bd8-41e3-93ad-bdfc70720db4,https://cdn.plantatlas.org/img/specimens/USF/181225.jpg,2019-05-06T20:56:27.067349+00:00,0.5454545454545454,9ea54cfff3ab864332536f6ab1316edb34159ffe,"[""dwc_basisofrecord_invalid""]",image/jpeg,true,https://i.creativecommons.org/l/by-nc-sa/4.0/88x31.png,images,,"[""f1cf8457-237e-487a-9d13-5de7d81b9de4\\media\\https://cdn.plantatlas.org/img/specimens/usf/181225.jpg""]","[""677accd3-1bd8-41e3-93ad-bdfc70720db4""]",f1cf8457-237e-487a-9d13-5de7d81b9de4,BY-NC-SA,,stillimage,3011ce04-2f86-400a-b3f3-31f6160221a6,,http://creativecommons.org/licenses/by-nc-sa/4.0/,,
7a33eae3-6e4e-48a7-8ce4-b2b7d166ce98,https://cdn.plantatlas.org/img/specimens/USF/222162.jpg,2019-05-06T20:56:27.067349+00:00,0.5454545454545454,50d2ccf9ee89bef821dca51f9cc40ebfbb7eacd9,"[""dwc_basisofrecord_invalid""]",image/jpeg,true,https://i.creativecommons.org/l/by-nc-sa/4.0/88x31.png,images,,"[""f1cf8457-237e-487a-9d13-5de7d81b9de4\\media\\https://cdn.plantatlas.org/img/specimens/usf/222162.jpg""]","[""7a33eae3-6e4e-48a7-8ce4-b2b7d166ce98""]",f1cf8457-237e-487a-9d13-5de7d81b9de4,BY-NC-SA,,stillimage,f8bfefcb-4497-46a1-8064-ba0813c69e1d,,http://creativecommons.org/licenses/by-nc-sa/4.0/,,
a24ef61b-f821-4c43-a6b6-398c8207bfcd,https://cdn.plantatlas.org/img/specimens/USF/239171.jpg,2019-05-06T20:56:27.067349+00:00,0.5454545454545454,ed60a3b01e2235f62cfd7ea1ed5259a8b3659fe9,"[""dwc_basisofrecord_invalid""]",image/jpeg,true,https://i.creativecommons.org/l/by-nc-sa/4.0/88x31.png,images,,"[""f1cf8457-237e-487a-9d13-5de7d81b9de4\\media\\https://cdn.plantatlas.org/img/specimens/usf/239171.jpg""]","[""a24ef61b-f821-4c43-a6b6-398c8207bfcd""]",f1cf8457-237e-487a-9d13-5de7d81b9de4,BY-NC-SA,,stillimage,3a6de28f-7044-4b68-9b44-c4f5b7d78721,,http://creativecommons.org/licenses/by-nc-sa/4.0/,,
a1f11401-09ef-41cc-9982-743a7b63dc55,https://cdn.plantatlas.org/img/specimens/USF/89701.jpg,2019-05-06T20:56:27.067349+00:00,0.5454545454545454,39b2a04e17ffa3600e7e5a5fbafafa212dafa6ef,"[""dwc_basisofrecord_invalid""]",image/jpeg,true,https://i.creativecommons.org/l/by-nc-sa/4.0/88x31.png,images,,"[""f1cf8457-237e-487a-9d13-5de7d81b9de4\\media\\https://cdn.plantatlas.org/img/specimens/usf/89701.jpg""]","[""a1f11401-09ef-41cc-9982-743a7b63dc55""]",f1cf8457-237e-487a-9d13-5de7d81b9de4,BY-NC-SA,,stillimage,0b02106d-c9a4-4dfa-86d4-4f67b31fe75a,,http://creativecommons.org/licenses/by-nc-sa/4.0/,,
80122e5d-b648-4d5c-a425-ff4dd1b40e20,https://cdn.plantatlas.org/img/specimens/USF/167506.jpg,2019-05-06T20:56:27.067349+00:00,0.5454545454545454,67f689a1a61dccb052a869e4bfb0b911dade2964,"[""dwc_basisofrecord_invalid""]",image/jpeg,true,https://i.creativecommons.org/l/by-nc-sa/4.0/88x31.png,images,,"[""f1cf8457-237e-487a-9d13-5de7d81b9de4\\media\\https://cdn.plantatlas.org/img/specimens/usf/167506.jpg""]","[""80122e5d-b648-4d5c-a425-ff4dd1b40e20""]",f1cf8457-237e-487a-9d13-5de7d81b9de4,BY-NC-SA,,stillimage,a3793e54-b0d5-4b37-bb84-8328fb5fc360,,http://creativecommons.org/licenses/by-nc-sa/4.0/,,
31c7e893-4b4c-4ef4-94ec-3b80d10396c0,https://cdn.plantatlas.org/img/specimens/USF/681.jpg,2019-05-06T20:56:27.067349+00:00,0.5454545454545454,74fa63e12171a4dc2470dd80931c23886124cfb0,"[""dwc_basisofrecord_invalid""]",image/jpeg,true,https://i.creativecommons.org/l/by-nc-sa/4.0/88x31.png,images,,"[""f1cf8457-237e-487a-9d13-5de7d81b9de4\\media\\https://cdn.plantatlas.org/img/specimens/usf/681.jpg""]","[""31c7e893-4b4c-4ef4-94ec-3b80d10396c0""]",f1cf8457-237e-487a-9d13-5de7d81b9de4,BY-NC-SA,,stillimage,8ac1c980-73f9-4be0-b807-1d4ef6aa0c41,,http://creativecommons.org/licenses/by-nc-sa/4.0/,,
b662aa57-e8d7-4099-9d22-b49e4ce11adf,https://cdn.plantatlas.org/img/specimens/USF/126942.jpg,2019-05-06T20:56:27.067349+00:00,0.5454545454545454,57418841c1c98866c8aa30d5f103e6233172acc7,"[""dwc_basisofrecord_invalid""]",image/jpeg,true,https://i.creativecommons.org/l/by-nc-sa/4.0/88x31.png,images,,"[""f1cf8457-237e-487a-9d13-5de7d81b9de4\\media\\https://cdn.plantatlas.org/img/specimens/usf/126942.jpg""]","[""b662aa57-e8d7-4099-9d22-b49e4ce11adf""]",f1cf8457-237e-487a-9d13-5de7d81b9de4,BY-NC-SA,,stillimage,ea13f448-40b0-426b-b9be-e1ca17ad849c,,http://creativecommons.org/licenses/by-nc-sa/4.0/,,
d6a34f21-9b73-44ed-9a59-48441802c6d2,https://cdn.plantatlas.org/img/specimens/USF/250241.jpg,2019-05-06T20:56:27.067349+00:00,0.5454545454545454,90c5f1cecfa42689a7a2f920e545ac2ce0532f53,"[""dwc_basisofrecord_invalid""]",image/jpeg,true,https://i.creativecommons.org/l/by-nc-sa/4.0/88x31.png,images,,"[""f1cf8457-237e-487a-9d13-5de7d81b9de4\\media\\https://cdn.plantatlas.org/img/specimens/usf/250241.jpg""]","[""d6a34f21-9b73-44ed-9a59-48441802c6d2""]",f1cf8457-237e-487a-9d13-5de7d81b9de4,BY-NC-SA,,stillimage,2c4786cc-26b4-4f37-96ee-8fca1ce0b3df,,http://creativecommons.org/licenses/by-nc-sa/4.0/,,
2e808c66-73fa-4a13-abc6-9e65fca3319e,https://cdn.plantatlas.org/img/specimens/USF/297736.jpg,2019-05-06T20:56:27.067349+00:00,0.5454545454545454,c29b937d9990a4954d2fabf67883fb73cd196ab3,"[""dwc_basisofrecord_invalid""]",image/jpeg,true,https://i.creativecommons.org/l/by-nc-sa/4.0/88x31.png,images,,"[""f1cf8457-237e-487a-9d13-5de7d81b9de4\\media\\https://cdn.plantatlas.org/img/specimens/usf/297736.jpg""]","[""2e808c66-73fa-4a13-abc6-9e65fca3319e""]",f1cf8457-237e-487a-9d13-5de7d81b9de4,BY-NC-SA,,stillimage,bac7f51c-95f5-4fd4-b95b-0b5368d349b3,,http://creativecommons.org/licenses/by-nc-sa/4.0/,,
786ca068-f900-4307-a50d-eee8dd00d529,https://cdn.plantatlas.org/img/specimens/USF/272104.jpg,2019-05-06T20:56:27.067349+00:00,0.5454545454545454,ba4a5b38aa2951f1eafecf2bdcb86c120637a931,"[""dwc_basisofrecord_invalid""]",image/jpeg,true,https://i.creativecommons.org/l/by-nc-sa/4.0/88x31.png,images,,"[""f1cf8457-237e-487a-9d13-5de7d81b9de4\\media\\https://cdn.plantatlas.org/img/specimens/usf/272104.jpg""]","[""786ca068-f900-4307-a50d-eee8dd00d529""]",f1cf8457-237e-487a-9d13-5de7d81b9de4,BY-NC-SA,,stillimage,da55e5d3-3118-489d-9055-61ada741940f,,http://creativecommons.org/licenses/by-nc-sa/4.0/,,
7bc81692-0c4c-4de0-a2f2-a5a5d78178a9,https://cdn.plantatlas.org/img/specimens/USF/281902.jpg,2019-05-06T20:56:27.067349+00:00,0.5454545454545454,9ebf5d283d5cee57fc4c4ac2c06caeef760c872f,"[""dwc_basisofrecord_invalid""]",image/jpeg,true,https://i.creativecommons.org/l/by-nc-sa/4.0/88x31.png,images,,"[""f1cf8457-237e-487a-9d13-5de7d81b9de4\\media\\https://cdn.plantatlas.org/img/specimens/usf/281902.jpg""]","[""7bc81692-0c4c-4de0-a2f2-a5a5d78178a9""]",f1cf8457-237e-487a-9d13-5de7d81b9de4,BY-NC-SA,,stillimage,83578b15-380f-4fda-aa03-20edbd17dfee,,http://creativecommons.org/licenses/by-nc-sa/4.0/,,
46113ce8-f2e3-4433-be0f-69293968323e,https://cdn.plantatlas.org/img/specimens/USF/161011.jpg,2019-05-06T20:56:27.067349+00:00,0.5454545454545454,43587feb334ab092d0b55bcbfb65c32e6047f6e3,"[""dwc_basisofrecord_invalid""]",image/jpeg,true,https://i.creativecommons.org/l/by-nc-sa/4.0/88x31.png,images,,"[""f1cf8457-237e-487a-9d13-5de7d81b9de4\\media\\https://cdn.plantatlas.org/img/specimens/usf/161011.jpg""]","[""46113ce8-f2e3-4433-be0f-69293968323e""]",f1cf8457-237e-487a-9d13-5de7d81b9de4,BY-NC-SA,,stillimage,3a8c7fc1-c4e8-4e0e-937b-118321792758,,http://creativecommons.org/licenses/by-nc-sa/4.0/,,
2defecaf-80ac-496a-baad-78be0674012e,https://cdn.plantatlas.org/img/specimens/USF/226081.jpg,2019-05-06T20:56:27.067349+00:00,0.5454545454545454,ef6d46402c5a4ea1813ceb223ef5030ac048656e,"[""dwc_basisofrecord_invalid""]",image/jpeg,true,https://i.creativecommons.org/l/by-nc-sa/4.0/88x31.png,images,,"[""f1cf8457-237e-487a-9d13-5de7d81b9de4\\media\\https://cdn.plantatlas.org/img/specimens/usf/226081.jpg""]","[""2defecaf-80ac-496a-baad-78be0674012e""]",f1cf8457-237e-487a-9d13-5de7d81b9de4,BY-NC-SA,,stillimage,587b713d-0334-43a3-9d2e-b5bd57608cac,,http://creativecommons.org/licenses/by-nc-sa/4.0/,,
096d38e6-f7aa-4079-b114-5b47a1854a0c,https://cdn.plantatlas.org/img/specimens/USF/248891.jpg,2019-05-06T20:56:27.067349+00:00,0.5454545454545454,98bc0743d4606a97ab8fb76335942bc2c2902779,"[""dwc_basisofrecord_invalid""]",image/jpeg,true,https://i.creativecommons.org/l/by-nc-sa/4.0/88x31.png,images,,"[""f1cf8457-237e-487a-9d13-5de7d81b9de4\\media\\https://cdn.plantatlas.org/img/specimens/usf/248891.jpg""]","[""096d38e6-f7aa-4079-b114-5b47a1854a0c""]",f1cf8457-237e-487a-9d13-5de7d81b9de4,BY-NC-SA,,stillimage,bd42eab2-e9cb-4c19-be89-1c8ac48799c0,,http://creativecommons.org/licenses/by-nc-sa/4.0/,,
b674322c-4149-4f5c-ac29-66e809449682,https://cdn.plantatlas.org/img/specimens/USF/211577.jpg,2019-05-06T20:56:27.067349+00:00,0.5454545454545454,563a7c42a6aecd5e026c63f26aa8fb46325e50df,"[""dwc_basisofrecord_invalid""]",image/jpeg,true,https://i.creativecommons.org/l/by-nc-sa/4.0/88x31.png,images,,"[""f1cf8457-237e-487a-9d13-5de7d81b9de4\\media\\https://cdn.plantatlas.org/img/specimens/usf/211577.jpg""]","[""b674322c-4149-4f5c-ac29-66e809449682""]",f1cf8457-237e-487a-9d13-5de7d81b9de4,BY-NC-SA,,stillimage,7e4b808a-9b3a-4511-b720-3af43ec93a11,,http://creativecommons.org/licenses/by-nc-sa/4.0/,,
e77435b1-5596-4d79-961f-f2677e57dd70,https://cdn.plantatlas.org/img/specimens/USF/20320.jpg,2019-05-06T20:56:27.067349+00:00,0.5454545454545454,54f481d291a8bf6f091a57b6849e6d83619ce177,"[""dwc_basisofrecord_invalid""]",image/jpeg,true,https://i.creativecommons.org/l/by-nc-sa/4.0/88x31.png,images,,"[""f1cf8457-237e-487a-9d13-5de7d81b9de4\\media\\https://cdn.plantatlas.org/img/specimens/usf/20320.jpg""]","[""e77435b1-5596-4d79-961f-f2677e57dd70""]",f1cf8457-237e-487a-9d13-5de7d81b9de4,BY-NC-SA,,stillimage,816a58cc-880e-4f97-b6ee-48aea97fcf05,,http://creativecommons.org/licenses/by-nc-sa/4.0/,,
55734b22-788f-4eb6-a12b-1904ed3bd76d,https://cdn.plantatlas.org/img/specimens/USF/124754.jpg,2019-05-06T20:56:27.067349+00:00,0.5454545454545454,29265208b4784db81cc76dda26d3b13abc1f85df,"[""dwc_basisofrecord_invalid""]",image/jpeg,true,https://i.creativecommons.org/l/by-nc-sa/4.0/88x31.png,images,,"[""f1cf8457-237e-487a-9d13-5de7d81b9de4\\media\\https://cdn.plantatlas.org/img/specimens/usf/124754.jpg""]","[""55734b22-788f-4eb6-a12b-1904ed3bd76d""]",f1cf8457-237e-487a-9d13-5de7d81b9de4,BY-NC-SA,,stillimage,3bb3e1fc-e680-41de-8aaf-a0890d7e1098,,http://creativecommons.org/licenses/by-nc-sa/4.0/,,
25bbda98-c2d6-4769-813a-f28413ec2826,https://cdn.plantatlas.org/img/specimens/USF/144491.jpg,2019-05-06T20:56:27.067349+00:00,0.5454545454545454,8b65ac42d9f264a763214e2297a97f9eb4f2a19a,"[""dwc_basisofrecord_invalid""]",image/jpeg,true,https://i.creativecommons.org/l/by-nc-sa/4.0/88x31.png,images,,"[""f1cf8457-237e-487a-9d13-5de7d81b9de4\\media\\https://cdn.plantatlas.org/img/specimens/usf/144491.jpg""]","[""25bbda98-c2d6-4769-813a-f28413ec2826""]",f1cf8457-237e-487a-9d13-5de7d81b9de4,BY-NC-SA,,stillimage,a5ef4a2d-a50d-4f80-b797-3e1ea3eb966c,,http://creativecommons.org/licenses/by-nc-sa/4.0/,,
01f06dc4-3728-41c8-8633-4db45b7eb4e4,https://cdn.plantatlas.org/img/specimens/USF/14923.jpg,2019-05-06T20:56:27.067349+00:00,0.5454545454545454,1707f2d43e4d37ca4955e2c18c78dbefdf7be1a0,"[""dwc_basisofrecord_invalid""]",image/jpeg,true,https://i.creativecommons.org/l/by-nc-sa/4.0/88x31.png,images,,"[""f1cf8457-237e-487a-9d13-5de7d81b9de4\\media\\https://cdn.plantatlas.org/img/specimens/usf/14923.jpg""]","[""01f06dc4-3728-41c8-8633-4db45b7eb4e4""]",f1cf8457-237e-487a-9d13-5de7d81b9de4,BY-NC-SA,,stillimage,db530044-b733-42f9-a082-cf5a9c503d9e,,http://creativecommons.org/licenses/by-nc-sa/4.0/,,
4a860b46-4c07-471c-9afb-6a9fabf3f7c2,https://cdn.plantatlas.org/img/specimens/USF/230830.jpg,2019-05-06T20:56:27.067349+00:00,0.5454545454545454,47d69b4891865f68b1ea71d54218948814521b0e,"[""dwc_basisofrecord_invalid""]",image/jpeg,true,https://i.creativecommons.org/l/by-nc-sa/4.0/88x31.png,images,,"[""f1cf8457-237e-487a-9d13-5de7d81b9de4\\media\\https://cdn.plantatlas.org/img/specimens/usf/230830.jpg""]","[""4a860b46-4c07-471c-9afb-6a9fabf3f7c2""]",f1cf8457-237e-487a-9d13-5de7d81b9de4,BY-NC-SA,,stillimage,166c7c1f-f63e-4291-8d8d-6e596d795fe3,,http://creativecommons.org/licenses/by-nc-sa/4.0/,,
13322b16-0b9a-49ce-8bfe-c827ea2b6766,https://cdn.plantatlas.org/img/specimens/USF/290049.jpg,2019-05-06T20:56:27.067349+00:00,0.5454545454545454,aad5ea6eb31de3d51883458b9973be3941db1ffa,"[""dwc_basisofrecord_invalid""]",image/jpeg,true,https://i.creativecommons.org/l/by-nc-sa/4.0/88x31.png,images,,"[""f1cf8457-237e-487a-9d13-5de7d81b9de4\\media\\https://cdn.plantatlas.org/img/specimens/usf/290049.jpg""]","[""13322b16-0b9a-49ce-8bfe-c827ea2b6766""]",f1cf8457-237e-487a-9d13-5de7d81b9de4,BY-NC-SA,,stillimage,f9c8eef3-9c58-4ec8-9b67-8fe284a1d466,,http://creativecommons.org/licenses/by-nc-sa/4.0/,,
437eb0f2-05d0-4a51-bc84-a4c3765d4222,https://cdn.plantatlas.org/img/specimens/USF/134549.jpg,2019-05-06T20:56:27.067349+00:00,0.5454545454545454,068a142647901b609e3495e3910131d7655603ae,"[""dwc_basisofrecord_invalid""]",image/jpeg,true,https://i.creativecommons.org/l/by-nc-sa/4.0/88x31.png,images,,"[""f1cf8457-237e-487a-9d13-5de7d81b9de4\\media\\https://cdn.plantatlas.org/img/specimens/usf/134549.jpg""]","[""437eb0f2-05d0-4a51-bc84-a4c3765d4222""]",f1cf8457-237e-487a-9d13-5de7d81b9de4,BY-NC-SA,,stillimage,378aa6ff-25eb-4745-8f23-4298279210e9,,http://creativecommons.org/licenses/by-nc-sa/4.0/,,
5a1f3cc2-0016-4f9d-86f0-130bfe10ac16,https://cdn.plantatlas.org/img/specimens/USF/115836.jpg,2019-05-06T20:56:27.067349+00:00,0.5454545454545454,fd3b9ca564ad2deb86b170140eceb41a506cc29a,"[""dwc_basisofrecord_invalid""]",image/jpeg,true,https://i.creativecommons.org/l/by-nc-sa/4.0/88x31.png,images,,"[""f1cf8457-237e-487a-9d13-5de7d81b9de4\\media\\https://cdn.plantatlas.org/img/specimens/usf/115836.jpg""]","[""5a1f3cc2-0016-4f9d-86f0-130bfe10ac16""]",f1cf8457-237e-487a-9d13-5de7d81b9de4,BY-NC-SA,,stillimage,22086386-107f-4621-a2d1-9084cf6598fb,,http://creativecommons.org/licenses/by-nc-sa/4.0/,,
36a9a650-07d6-49c6-a75b-0c1d8681e84e,https://cdn.plantatlas.org/img/specimens/USF/134559.jpg,2019-05-06T20:56:27.067349+00:00,0.5454545454545454,dc29fe7b2bf37d6634c87e895c10ccb670cd5a90,"[""dwc_basisofrecord_invalid""]",image/jpeg,true,https://i.creativecommons.org/l/by-nc-sa/4.0/88x31.png,images,,"[""f1cf8457-237e-487a-9d13-5de7d81b9de4\\media\\https://cdn.plantatlas.org/img/specimens/usf/134559.jpg""]","[""36a9a650-07d6-49c6-a75b-0c1d8681e84e""]",f1cf8457-237e-487a-9d13-5de7d81b9de4,BY-NC-SA,,stillimage,4e676655-ad32-4eb0-9263-b96cb50befd0,,http://creativecommons.org/licenses/by-nc-sa/4.0/,,
cbc81ab5-2298-4286-b91d-5f02cd7d2858,https://cdn.plantatlas.org/img/specimens/USF/231527.jpg,2019-05-06T20:56:27.067349+00:00,0.5454545454545454,fbd3b0c0a95bdd645285b6afe3f77e7f3c4cf84b,"[""dwc_basisofrecord_invalid""]",image/jpeg,true,https://i.creativecommons.org/l/by-nc-sa/4.0/88x31.png,images,,"[""f1cf8457-237e-487a-9d13-5de7d81b9de4\\media\\https://cdn.plantatlas.org/img/specimens/usf/231527.jpg""]","[""cbc81ab5-2298-4286-b91d-5f02cd7d2858""]",f1cf8457-237e-487a-9d13-5de7d81b9de4,BY-NC-SA,,stillimage,f64b55b2-0469-4070-ae31-d6e91e873730,,http://creativecommons.org/licenses/by-nc-sa/4.0/,,
8fa84916-76c0-41b4-bbe5-7986d49dc9c2,https://cdn.plantatlas.org/img/specimens/USF/221208.jpg,2019-05-06T20:56:27.067349+00:00,0.5454545454545454,170fff7a02266e9d46d008e3108f52ffe8c1a9de,"[""dwc_basisofrecord_invalid""]",image/jpeg,true,https://i.creativecommons.org/l/by-nc-sa/4.0/88x31.png,images,,"[""f1cf8457-237e-487a-9d13-5de7d81b9de4\\media\\https://cdn.plantatlas.org/img/specimens/usf/221208.jpg""]","[""8fa84916-76c0-41b4-bbe5-7986d49dc9c2""]",f1cf8457-237e-487a-9d13-5de7d81b9de4,BY-NC-SA,,stillimage,f1858731-f5a5-4115-96e3-8528d7cda8a2,,http://creativecommons.org/licenses/by-nc-sa/4.0/,,
e74ea94b-3b84-45e6-ab9e-d903d1d6ebbe,https://cdn.plantatlas.org/img/specimens/USF/119724.jpg,2019-05-06T20:56:27.067349+00:00,0.5454545454545454,1597c9a8969874d1ab07bb35d866ca9a0d060f88,"[""dwc_basisofrecord_invalid""]",image/jpeg,true,https://i.creativecommons.org/l/by-nc-sa/4.0/88x31.png,images,,"[""f1cf8457-237e-487a-9d13-5de7d81b9de4\\media\\https://cdn.plantatlas.org/img/specimens/usf/119724.jpg""]","[""e74ea94b-3b84-45e6-ab9e-d903d1d6ebbe""]",f1cf8457-237e-487a-9d13-5de7d81b9de4,BY-NC-SA,,stillimage,25f91124-48ac-48c9-a0a4-1787109f4be1,,http://creativecommons.org/licenses/by-nc-sa/4.0/,,
905e4276-c624-4fff-86b5-83ded35dbcb1,https://cdn.plantatlas.org/img/specimens/USF/158717.jpg,2019-05-06T20:56:27.067349+00:00,0.5454545454545454,d81d09ae3f77ed8b8e94e7ae9fccdf9b57cddc87,"[""dwc_basisofrecord_invalid""]",image/jpeg,true,https://i.creativecommons.org/l/by-nc-sa/4.0/88x31.png,images,,"[""f1cf8457-237e-487a-9d13-5de7d81b9de4\\media\\https://cdn.plantatlas.org/img/specimens/usf/158717.jpg""]","[""905e4276-c624-4fff-86b5-83ded35dbcb1""]",f1cf8457-237e-487a-9d13-5de7d81b9de4,BY-NC-SA,,stillimage,032e2ff2-2abe-494c-b83a-47b49e1abcfd,,http://creativecommons.org/licenses/by-nc-sa/4.0/,,
3e2a8214-e667-4d38-9189-593b88d68036,https://cdn.plantatlas.org/img/specimens/USF/259420.jpg,2019-05-06T20:56:27.067349+00:00,0.5454545454545454,2f8b3ebb7829677a154422f3df8f68a0295a156a,"[""dwc_basisofrecord_invalid""]",image/jpeg,true,https://i.creativecommons.org/l/by-nc-sa/4.0/88x31.png,images,,"[""f1cf8457-237e-487a-9d13-5de7d81b9de4\\media\\https://cdn.plantatlas.org/img/specimens/usf/259420.jpg""]","[""3e2a8214-e667-4d38-9189-593b88d68036""]",f1cf8457-237e-487a-9d13-5de7d81b9de4,BY-NC-SA,,stillimage,04de1fd1-c432-4605-8b23-7dbdc3284e9f,,http://creativecommons.org/licenses/by-nc-sa/4.0/,,
8949b62b-d516-4f2b-a2a9-767c37d1ba34,https://cdn.plantatlas.org/img/specimens/USF/132571.jpg,2019-05-06T20:56:27.067349+00:00,0.5454545454545454,7d02ec2a08fc7a396358b311c6d8535bc08e0414,"[""dwc_basisofrecord_invalid""]",image/jpeg,true,https://i.creativecommons.org/l/by-nc-sa/4.0/88x31.png,images,,"[""f1cf8457-237e-487a-9d13-5de7d81b9de4\\media\\https://cdn.plantatlas.org/img/specimens/usf/132571.jpg""]","[""8949b62b-d516-4f2b-a2a9-767c37d1ba34""]",f1cf8457-237e-487a-9d13-5de7d81b9de4,BY-NC-SA,,stillimage,a897a45f-a60d-4d48-8bc8-ac943aeff1dc,,http://creativecommons.org/licenses/by-nc-sa/4.0/,,
788c1c8a-716c-46dd-94cc-fb573c6ed38e,https://cdn.plantatlas.org/img/specimens/USF/239345.jpg,2019-05-06T20:56:27.067349+00:00,0.5454545454545454,36d743cbfe40a1e6ffc009bd579ede2f2a79b516,"[""dwc_basisofrecord_invalid""]",image/jpeg,true,https://i.creativecommons.org/l/by-nc-sa/4.0/88x31.png,images,,"[""f1cf8457-237e-487a-9d13-5de7d81b9de4\\media\\https://cdn.plantatlas.org/img/specimens/usf/239345.jpg""]","[""788c1c8a-716c-46dd-94cc-fb573c6ed38e""]",f1cf8457-237e-487a-9d13-5de7d81b9de4,BY-NC-SA,,stillimage,f8c037fa-8fa9-4ec0-9b1a-26b892b3b844,,http://creativecommons.org/licenses/by-nc-sa/4.0/,,
f3b7e780-ea92-48bf-bb4d-0202604a6721,https://cdn.plantatlas.org/img/specimens/USF/136752.jpg,2019-05-06T20:56:27.067349+00:00,0.5454545454545454,5bc7743165e47904f299a2529bfa3f432caf57e1,"[""dwc_basisofrecord_invalid""]",image/jpeg,true,https://i.creativecommons.org/l/by-nc-sa/4.0/88x31.png,images,,"[""f1cf8457-237e-487a-9d13-5de7d81b9de4\\media\\https://cdn.plantatlas.org/img/specimens/usf/136752.jpg""]","[""f3b7e780-ea92-48bf-bb4d-0202604a6721""]",f1cf8457-237e-487a-9d13-5de7d81b9de4,BY-NC-SA,,stillimage,24bcb8e3-dc4b-4dde-b46f-770df39c1979,,http://creativecommons.org/licenses/by-nc-sa/4.0/,,
a22090f4-a59a-4648-92ed-cb4fb02b1093,https://cdn.plantatlas.org/img/specimens/USF/42932.jpg,2019-05-06T20:56:27.067349+00:00,0.5454545454545454,a831ea4cff5c83b043795edf8c407c3471e9b84c,"[""dwc_basisofrecord_invalid""]",image/jpeg,true,https://i.creativecommons.org/l/by-nc-sa/4.0/88x31.png,images,,"[""f1cf8457-237e-487a-9d13-5de7d81b9de4\\media\\https://cdn.plantatlas.org/img/specimens/usf/42932.jpg""]","[""a22090f4-a59a-4648-92ed-cb4fb02b1093""]",f1cf8457-237e-487a-9d13-5de7d81b9de4,BY-NC-SA,,stillimage,083102d3-8f53-4ef6-94d0-07429d30e712,,http://creativecommons.org/licenses/by-nc-sa/4.0/,,
f333b55f-bc85-41c3-995f-724a5dc53265,https://cdn.plantatlas.org/img/specimens/USF/222786.jpg,2019-05-06T20:56:27.067349+00:00,0.5454545454545454,0c2cddc9cc0785ff790210e1c5a136cfe9d48c3f,"[""dwc_basisofrecord_invalid""]",image/jpeg,true,https://i.creativecommons.org/l/by-nc-sa/4.0/88x31.png,images,,"[""f1cf8457-237e-487a-9d13-5de7d81b9de4\\media\\https://cdn.plantatlas.org/img/specimens/usf/222786.jpg""]","[""f333b55f-bc85-41c3-995f-724a5dc53265""]",f1cf8457-237e-487a-9d13-5de7d81b9de4,BY-NC-SA,,stillimage,a476bc3f-6a76-4639-a8f2-05a69e725f3e,,http://creativecommons.org/licenses/by-nc-sa/4.0/,,
73b4a9f9-cd51-4ad2-8f60-81c74222df56,https://cdn.plantatlas.org/img/specimens/USF/224146.jpg,2019-05-06T20:56:27.067349+00:00,0.5454545454545454,f98c08aeae2d2ba4bb3321058d6aaf83d6bdfe3d,"[""dwc_basisofrecord_invalid""]",image/jpeg,true,https://i.creativecommons.org/l/by-nc-sa/4.0/88x31.png,images,,"[""f1cf8457-237e-487a-9d13-5de7d81b9de4\\media\\https://cdn.plantatlas.org/img/specimens/usf/224146.jpg""]","[""73b4a9f9-cd51-4ad2-8f60-81c74222df56""]",f1cf8457-237e-487a-9d13-5de7d81b9de4,BY-NC-SA,,stillimage,2b1de924-ca1a-49c6-8a66-7575eada1c58,,http://creativecommons.org/licenses/by-nc-sa/4.0/,,
ce0e39b1-322b-4695-8a69-7038bba8a232,https://cdn.plantatlas.org/img/specimens/USF/113325.jpg,2019-05-06T20:56:27.067349+00:00,0.5454545454545454,c7665ab3d4237720751e48d37197c9063e86e13c,"[""dwc_basisofrecord_invalid""]",image/jpeg,true,https://i.creativecommons.org/l/by-nc-sa/4.0/88x31.png,images,,"[""f1cf8457-237e-487a-9d13-5de7d81b9de4\\media\\https://cdn.plantatlas.org/img/specimens/usf/113325.jpg""]","[""ce0e39b1-322b-4695-8a69-7038bba8a232""]",f1cf8457-237e-487a-9d13-5de7d81b9de4,BY-NC-SA,,stillimage,67fb4da3-1386-4775-8dd7-e1fad47c7806,,http://creativecommons.org/licenses/by-nc-sa/4.0/,,
03bf54e6-2cef-4d7d-bff1-5d4b9356c023,https://cdn.plantatlas.org/img/specimens/USF/249169.jpg,2019-05-06T20:56:27.067349+00:00,0.5454545454545454,194dd36d39e526d5b65a3e3afd0515c34a670c9b,"[""dwc_basisofrecord_invalid""]",image/jpeg,true,https://i.creativecommons.org/l/by-nc-sa/4.0/88x31.png,images,,"[""f1cf8457-237e-487a-9d13-5de7d81b9de4\\media\\https://cdn.plantatlas.org/img/specimens/usf/249169.jpg""]","[""03bf54e6-2cef-4d7d-bff1-5d4b9356c023""]",f1cf8457-237e-487a-9d13-5de7d81b9de4,BY-NC-SA,,stillimage,59d746c9-2744-4cc1-8ce9-dd899778653d,,http://creativecommons.org/licenses/by-nc-sa/4.0/,,
440b64f3-a3b6-4275-a261-cd0270ead6cd,https://cdn.plantatlas.org/img/specimens/USF/279652.jpg,2019-05-06T20:56:27.067349+00:00,0.5454545454545454,9e9fc81b722d4532a3e9e84247e2d78d709312b5,"[""dwc_basisofrecord_invalid""]",image/jpeg,true,https://i.creativecommons.org/l/by-nc-sa/4.0/88x31.png,images,,"[""f1cf8457-237e-487a-9d13-5de7d81b9de4\\media\\https://cdn.plantatlas.org/img/specimens/usf/279652.jpg""]","[""440b64f3-a3b6-4275-a261-cd0270ead6cd""]",f1cf8457-237e-487a-9d13-5de7d81b9de4,BY-NC-SA,,stillimage,492bcaad-f15b-4970-9d72-70880350d47e,,http://creativecommons.org/licenses/by-nc-sa/4.0/,,
3d946cc2-b900-4b42-b56b-8acd4eb102ef,https://cdn.plantatlas.org/img/specimens/USF/251907.jpg,2019-05-06T20:56:27.067349+00:00,0.5454545454545454,0551990d2c06d10c2fbf37c439102594aed34c1a,"[""dwc_basisofrecord_invalid""]",image/jpeg,true,https://i.creativecommons.org/l/by-nc-sa/4.0/88x31.png,images,,"[""f1cf8457-237e-487a-9d13-5de7d81b9de4\\media\\https://cdn.plantatlas.org/img/specimens/usf/251907.jpg""]","[""3d946cc2-b900-4b42-b56b-8acd4eb102ef""]",f1cf8457-237e-487a-9d13-5de7d81b9de4,BY-NC-SA,,stillimage,b2d4c529-11fb-41ac-9b4f-ecd07153514f,,http://creativecommons.org/licenses/by-nc-sa/4.0/,,
46efb964-00a6-48b1-90e2-ad63cb26857d,https://cdn.plantatlas.org/img/specimens/USF/63205.jpg,2019-05-06T20:56:27.067349+00:00,0.5454545454545454,8bc5eb36d1faf18b7826c5c0c6affbff992206e4,"[""dwc_basisofrecord_invalid""]",image/jpeg,true,https://i.creativecommons.org/l/by-nc-sa/4.0/88x31.png,images,,"[""f1cf8457-237e-487a-9d13-5de7d81b9de4\\media\\https://cdn.plantatlas.org/img/specimens/usf/63205.jpg""]","[""46efb964-00a6-48b1-90e2-ad63cb26857d""]",f1cf8457-237e-487a-9d13-5de7d81b9de4,BY-NC-SA,,stillimage,21fcc7d0-160c-42ed-9d72-5a8e6ee8b145,,http://creativecommons.org/licenses/by-nc-sa/4.0/,,
ab7c7e00-7ab4-4aff-88d5-a0ca35d06080,https://cdn.plantatlas.org/img/specimens/USF/118842.jpg,2019-05-06T20:56:27.067349+00:00,0.5454545454545454,7ca175e2620a09d6e02f7e0c8894a02de4e91da9,"[""dwc_basisofrecord_invalid""]",image/jpeg,true,https://i.creativecommons.org/l/by-nc-sa/4.0/88x31.png,images,,"[""f1cf8457-237e-487a-9d13-5de7d81b9de4\\media\\https://cdn.plantatlas.org/img/specimens/usf/118842.jpg""]","[""ab7c7e00-7ab4-4aff-88d5-a0ca35d06080""]",f1cf8457-237e-487a-9d13-5de7d81b9de4,BY-NC-SA,,stillimage,75d6ccc1-5f85-4af1-ad46-fb5c60888ff8,,http://creativecommons.org/licenses/by-nc-sa/4.0/,,
7878d0e1-7f2b-44f2-9e48-225a9396a730,https://cdn.plantatlas.org/img/specimens/USF/236109.jpg,2019-05-06T20:56:27.067349+00:00,0.5454545454545454,93053224a1ea8e7c78caf9e98541a28a7e561ab5,"[""dwc_basisofrecord_invalid""]",image/jpeg,true,https://i.creativecommons.org/l/by-nc-sa/4.0/88x31.png,images,,"[""f1cf8457-237e-487a-9d13-5de7d81b9de4\\media\\https://cdn.plantatlas.org/img/specimens/usf/236109.jpg""]","[""7878d0e1-7f2b-44f2-9e48-225a9396a730""]",f1cf8457-237e-487a-9d13-5de7d81b9de4,BY-NC-SA,,stillimage,b3533189-a4ec-49d5-9389-01c65f20b966,,http://creativecommons.org/licenses/by-nc-sa/4.0/,,
98115177-8321-4fb7-99df-d1147bdec02b,https://cdn.plantatlas.org/img/specimens/USF/295505.jpg,2019-05-06T20:56:27.067349+00:00,0.5454545454545454,5deedddb31d9d059527b1eeb42c249df867e7c89,"[""dwc_basisofrecord_invalid""]",image/jpeg,true,https://i.creativecommons.org/l/by-nc-sa/4.0/88x31.png,images,,"[""f1cf8457-237e-487a-9d13-5de7d81b9de4\\media\\https://cdn.plantatlas.org/img/specimens/usf/295505.jpg""]","[""98115177-8321-4fb7-99df-d1147bdec02b""]",f1cf8457-237e-487a-9d13-5de7d81b9de4,BY-NC-SA,,stillimage,863576c2-896e-4684-aa85-b7c18d76811d,,http://creativecommons.org/licenses/by-nc-sa/4.0/,,
8d35563f-bf60-4696-b315-ddd38f529104,https://cdn.plantatlas.org/img/specimens/USF/24829.jpg,2019-05-06T20:56:27.067349+00:00,0.5454545454545454,75f4963eb6ad336d2279602c28a177e3912c653b,"[""dwc_basisofrecord_invalid""]",image/jpeg,true,https://i.creativecommons.org/l/by-nc-sa/4.0/88x31.png,images,,"[""f1cf8457-237e-487a-9d13-5de7d81b9de4\\media\\https://cdn.plantatlas.org/img/specimens/usf/24829.jpg""]","[""8d35563f-bf60-4696-b315-ddd38f529104""]",f1cf8457-237e-487a-9d13-5de7d81b9de4,BY-NC-SA,,stillimage,a7843da9-248e-4b09-b3cb-6a9406fd9b92,,http://creativecommons.org/licenses/by-nc-sa/4.0/,,
7cf03fbc-4ac1-4fb8-af98-222cb626a707,https://cdn.plantatlas.org/img/specimens/USF/135264.jpg,2019-05-06T20:56:27.067349+00:00,0.5454545454545454,5ec9b4e60e69c8d5727219245a748ef356d59253,"[""dwc_basisofrecord_invalid""]",image/jpeg,true,https://i.creativecommons.org/l/by-nc-sa/4.0/88x31.png,images,,"[""f1cf8457-237e-487a-9d13-5de7d81b9de4\\media\\https://cdn.plantatlas.org/img/specimens/usf/135264.jpg""]","[""7cf03fbc-4ac1-4fb8-af98-222cb626a707""]",f1cf8457-237e-487a-9d13-5de7d81b9de4,BY-NC-SA,,stillimage,7c0da495-352d-4189-aa19-16eaf7fff615,,http://creativecommons.org/licenses/by-nc-sa/4.0/,,
e270c342-0be7-4707-90d3-5855494e9071,https://cdn.plantatlas.org/img/specimens/USF/178271.jpg,2019-05-06T20:56:27.067349+00:00,0.5454545454545454,77c55a990b2d63d7e799fc5e057e816eb4ee3445,"[""dwc_basisofrecord_invalid""]",image/jpeg,true,https://i.creativecommons.org/l/by-nc-sa/4.0/88x31.png,images,,"[""f1cf8457-237e-487a-9d13-5de7d81b9de4\\media\\https://cdn.plantatlas.org/img/specimens/usf/178271.jpg""]","[""e270c342-0be7-4707-90d3-5855494e9071""]",f1cf8457-237e-487a-9d13-5de7d81b9de4,BY-NC-SA,,stillimage,2edb3e12-6c3a-4ee1-a395-87c5dcdc9d3a,,http://creativecommons.org/licenses/by-nc-sa/4.0/,,
4be020e5-61ef-44da-bb72-9180ef5e58ec,https://cdn.plantatlas.org/img/specimens/USF/231553.jpg,2019-05-06T20:56:27.067349+00:00,0.5454545454545454,6ef31f36a5f39814e42a35484af82602cc167285,"[""dwc_basisofrecord_invalid""]",image/jpeg,true,https://i.creativecommons.org/l/by-nc-sa/4.0/88x31.png,images,,"[""f1cf8457-237e-487a-9d13-5de7d81b9de4\\media\\https://cdn.plantatlas.org/img/specimens/usf/231553.jpg""]","[""4be020e5-61ef-44da-bb72-9180ef5e58ec""]",f1cf8457-237e-487a-9d13-5de7d81b9de4,BY-NC-SA,,stillimage,2fd6850e-36be-4936-b66f-d8a73f806f14,,http://creativecommons.org/licenses/by-nc-sa/4.0/,,
5cd1787d-8103-491d-8d24-ffdc4b074bb5,https://cdn.plantatlas.org/img/specimens/USF/260524.jpg,2019-05-06T20:56:27.067349+00:00,0.5454545454545454,ed1da67753729490ef410866714e2f13f8fc577d,"[""dwc_basisofrecord_invalid""]",image/jpeg,true,https://i.creativecommons.org/l/by-nc-sa/4.0/88x31.png,images,,"[""f1cf8457-237e-487a-9d13-5de7d81b9de4\\media\\https://cdn.plantatlas.org/img/specimens/usf/260524.jpg""]","[""5cd1787d-8103-491d-8d24-ffdc4b074bb5""]",f1cf8457-237e-487a-9d13-5de7d81b9de4,BY-NC-SA,,stillimage,43b70f3a-7efe-4125-bb1a-8581a669f754,,http://creativecommons.org/licenses/by-nc-sa/4.0/,,
a0088985-7f64-4f1b-838d-0cf73cb0caa1,https://cdn.plantatlas.org/img/specimens/USF/81359.jpg,2019-05-06T20:56:27.067349+00:00,0.5454545454545454,5259002973f93e98b56efd1f7cd457ea899096dd,"[""dwc_basisofrecord_invalid""]",image/jpeg,true,https://i.creativecommons.org/l/by-nc-sa/4.0/88x31.png,images,,"[""f1cf8457-237e-487a-9d13-5de7d81b9de4\\media\\https://cdn.plantatlas.org/img/specimens/usf/81359.jpg""]","[""a0088985-7f64-4f1b-838d-0cf73cb0caa1""]",f1cf8457-237e-487a-9d13-5de7d81b9de4,BY-NC-SA,,stillimage,f267d5ef-18c8-43fa-9ff4-9eb841cfbad6,,http://creativecommons.org/licenses/by-nc-sa/4.0/,,
c22cb1cd-cbec-49e2-875d-a97b4222ce39,https://cdn.plantatlas.org/img/specimens/USF/199518.jpg,2019-05-06T20:56:27.067349+00:00,0.5454545454545454,079a995977d7a948577433c644b2d5edad84db26,"[""dwc_basisofrecord_invalid""]",image/jpeg,true,https://i.creativecommons.org/l/by-nc-sa/4.0/88x31.png,images,,"[""f1cf8457-237e-487a-9d13-5de7d81b9de4\\media\\https://cdn.plantatlas.org/img/specimens/usf/199518.jpg""]","[""c22cb1cd-cbec-49e2-875d-a97b4222ce39""]",f1cf8457-237e-487a-9d13-5de7d81b9de4,BY-NC-SA,,stillimage,a8ab9246-d814-4f29-b056-125722268794,,http://creativecommons.org/licenses/by-nc-sa/4.0/,,
ec1badc4-10f3-4a08-b4c4-ff3297d86f04,https://cdn.plantatlas.org/img/specimens/USF/229846.jpg,2019-05-06T20:56:27.067349+00:00,0.5454545454545454,9ac581051fe6a1717294bcf8bd740ca41142784e,"[""dwc_basisofrecord_invalid""]",image/jpeg,true,https://i.creativecommons.org/l/by-nc-sa/4.0/88x31.png,images,,"[""f1cf8457-237e-487a-9d13-5de7d81b9de4\\media\\https://cdn.plantatlas.org/img/specimens/usf/229846.jpg""]","[""ec1badc4-10f3-4a08-b4c4-ff3297d86f04""]",f1cf8457-237e-487a-9d13-5de7d81b9de4,BY-NC-SA,,stillimage,db16ddc5-0e6d-4277-afb6-251ccb28d1ce,,http://creativecommons.org/licenses/by-nc-sa/4.0/,,
24e88c62-e223-4a5d-b71b-0e60ba92141f,https://cdn.plantatlas.org/img/specimens/USF/243198.jpg,2019-05-06T20:56:27.067349+00:00,0.5454545454545454,9e52e33a7667c180e9a07972e3b30659e8abdac6,"[""dwc_basisofrecord_invalid""]",image/jpeg,true,https://i.creativecommons.org/l/by-nc-sa/4.0/88x31.png,images,,"[""f1cf8457-237e-487a-9d13-5de7d81b9de4\\media\\https://cdn.plantatlas.org/img/specimens/usf/243198.jpg""]","[""24e88c62-e223-4a5d-b71b-0e60ba92141f""]",f1cf8457-237e-487a-9d13-5de7d81b9de4,BY-NC-SA,,stillimage,77da181c-8125-4d24-9658-790f8a098d13,,http://creativecommons.org/licenses/by-nc-sa/4.0/,,
b50ca88e-37a8-4eb8-bc52-cd17790208cd,https://cdn.plantatlas.org/img/specimens/USF/24809.jpg,2019-05-06T20:56:27.067349+00:00,0.5454545454545454,238e86c3dd5da6f52c8d9fef9b4ec3d2a0f4f035,"[""dwc_basisofrecord_invalid""]",image/jpeg,true,https://i.creativecommons.org/l/by-nc-sa/4.0/88x31.png,images,,"[""f1cf8457-237e-487a-9d13-5de7d81b9de4\\media\\https://cdn.plantatlas.org/img/specimens/usf/24809.jpg""]","[""b50ca88e-37a8-4eb8-bc52-cd17790208cd""]",f1cf8457-237e-487a-9d13-5de7d81b9de4,BY-NC-SA,,stillimage,3ef6d335-d1a7-4f9d-8060-d3ecad9bf8f5,,http://creativecommons.org/licenses/by-nc-sa/4.0/,,
33652c7b-62b7-4261-aebc-10fefbb781a2,https://cdn.plantatlas.org/img/specimens/USF/302919.jpg,2022-04-27T12:34:52.745994+00:00,0.5454545454545454,2f5feb4a0fcb8ebee346dad40c25c3d20ece0e44,"[""dwc_basisofrecord_invalid""]",image/jpeg,true,https://i.creativecommons.org/l/by-nc-sa/4.0/88x31.png,images,,"[""f1cf8457-237e-487a-9d13-5de7d81b9de4\\media\\https://cdn.plantatlas.org/img/specimens/usf/302919.jpg""]","[""33652c7b-62b7-4261-aebc-10fefbb781a2""]",f1cf8457-237e-487a-9d13-5de7d81b9de4,BY-NC-SA,,stillimage,d40a8549-9b1a-4c85-ac8b-ea187f27582b,,http://creativecommons.org/licenses/by-nc-sa/4.0/,,
