coreid,Iptc4xmpExt:CountryName,Iptc4xmpExt:LocationCreated,Iptc4xmpExt:LocationShown,Iptc4xmpExt:ProvinceState,Iptc4xmpExt:WorldRegion,ac:IDofContainingCollection,ac:accessURI,ac:associatedSpecimenReference,ac:attributionLogoURL,ac:bestQualityAccessURI,ac:bestQualityFormat,ac:caption,ac:captureDevice,ac:comments,ac:derivedFrom,ac:digitizationDate,ac:fundingAttribution,ac:furtherInformationURL,ac:goodQualityAccessURI,ac:hasServiceAccessPoint,ac:hashFunction,ac:hashValue,ac:licenseLogoURL,ac:metadataCreator,ac:metadataLanguage,ac:metadataLanguageLiteral,ac:metadataProvider,ac:metadataProviderLiteral,ac:physicalSetting,ac:provider,ac:providerID,ac:providerLiteral,ac:providerManagedID,ac:relatedResourceID,ac:resourceCreationTechnique,ac:serviceExpectation,ac:subjectCategoryVocabulary,ac:subjectOrientation,ac:subjectPart,ac:subtype,ac:subtypeLiteral,ac:tag,ac:taxonCount,ac:taxonCoverage,ac:thumbnailAccessURI,ac:variant,ac:variantLiteral,dc:creator,dc:format,dc:language,dc:rights,dc:source,dc:type,dcterms:accessRights,dcterms:audience,dcterms:available,dcterms:created,dcterms:creator,dcterms:description,dcterms:format,dcterms:identifier,dcterms:language,dcterms:license,dcterms:modified,dcterms:publisher,dcterms:references,dcterms:rights,dcterms:rightsHolder,dcterms:source,dcterms:title,dcterms:type,dwc:Identification,dwc:associatedTaxa,dwc:basisOfRecord,dwc:catalogNumber,dwc:collectionCode,dwc:collectionID,dwc:coordinateUncertaintyInMeters,dwc:country,dwc:county,dwc:dateIdentified,dwc:day,dwc:decimalLatitude,dwc:decimalLongitude,dwc:eventDate,dwc:family,dwc:genus,dwc:geodeticDatum,dwc:georeferencedBy,dwc:habitat,dwc:higherClassification,dwc:identificationQualifier,dwc:identifiedBy,dwc:institutionCode,dwc:kingdom,dwc:lifeStage,dwc:locality,dwc:minimumElevationInMeters,dwc:month,dwc:municipality,dwc:occurrenceID,dwc:occurrenceRemarks,dwc:order,dwc:otherCatalogNumbers,dwc:phylum,dwc:preparations,dwc:recordNumber,dwc:recordedBy,dwc:scientificName,dwc:scientificNameAuthorship,dwc:sex,dwc:specificEpithet,dwc:startDayOfYear,dwc:stateProvince,dwc:taxonID,dwc:taxonRank,dwc:verbatimElevation,dwc:vernacularName,dwc:year,exif:PixelXDimension,exif:PixelYDimension,idigbio:OriginalFileName,idigbio:associatedRecordReference,idigbio:associatedRecordsetReference,idigbio:mediaStatus,idigbio:mediaStatusDate,idigbio:recordId,photoshop:Credit,symbiota:recordEnteredBy,symbiota:recordID,xmp:CreateDate,xmp:MetadataDate,xmpRights:Owner,xmpRights:UsageTerms,xmpRights:WebStatement
5b61600c-321d-41ef-a865-d666e377f938,,,,,,,https://cdn.plantatlas.org/img/specimens/USF/297730.jpg,,,,,,,,,,,,,,,,,,,,,,,,,,,,,,,,,,,,,,,https://cdn.plantatlas.org/img/specimens/USF/thumbs/297730.jpg,Thumbnail,,image/jpeg,,https://creativecommons.org/licenses/by-nc-sa/4.0/,,StillImage,,,,,,,,https://cdn.plantatlas.org/img/specimens/USF/297730.jpg,,,,,,https://creativecommons.org/licenses/by-nc-sa/4.0/,,,"Sorghastrum secundum (Elliott) Nash - USA, Florida (BARCODE: 297730) - USF Herbarium",http://purl.org/dc/dcmitype/StillImage,,,,,,,,,,,,,,,,,,,,,,,,,,,,,,,,,,,,,,,,,,,,,,,,,,,,,,,,,,,,,,University of South Florida Herbarium (USF),,https://creativecommons.org/licenses/by-nc-sa/4.0/
f94afa4e-8ae9-4387-99d0-fc8e64dc5890,,,,,,,https://cdn.plantatlas.org/img/specimens/USF/158655.jpg,,,,,,,,,,,,,,,,,,,,,,,,,,,,,,,,,,,,,,,https://cdn.plantatlas.org/img/specimens/USF/thumbs/158655.jpg,Thumbnail,,image/jpeg,,https://creativecommons.org/licenses/by-nc-sa/4.0/,,StillImage,,,,,,,,https://cdn.plantatlas.org/img/specimens/USF/158655.jpg,,,,,,https://creativecommons.org/licenses/by-nc-sa/4.0/,,,"Sorghastrum secundum (Elliott) Nash - USA, Florida (BARCODE: 158655) - USF Herbarium",http://purl.org/dc/dcmitype/StillImage,,,,,,,,,,,,,,,,,,,,,,,,,,,,,,,,,,,,,,,,,,,,,,,,,,,,,,,,,,,,,,University of South Florida Herbarium (USF),,https://creativecommons.org/licenses/by-nc-sa/4.0/
75f39ff5-f625-4081-97c5-33833688431d,,,,,,,https://cdn.plantatlas.org/img/specimens/USF/269355.jpg,,,,,,,,,,,,,,,,,,,,,,,,,,,,,,,,,,,,,,,https://cdn.plantatlas.org/img/specimens/USF/thumbs/269355.jpg,Thumbnail,,image/jpeg,,https://creativecommons.org/licenses/by-nc-sa/4.0/,,StillImage,,,,,,,,https://cdn.plantatlas.org/img/specimens/USF/269355.jpg,,,,,,https://creativecommons.org/licenses/by-nc-sa/4.0/,,,"Sorghastrum secundum (Elliott) Nash - USA, Florida (BARCODE: 269355) - USF Herbarium",http://purl.org/dc/dcmitype/StillImage,,,,,,,,,,,,,,,,,,,,,,,,,,,,,,,,,,,,,,,,,,,,,,,,,,,,,,,,,,,,,,University of South Florida Herbarium (USF),,https://creativecommons.org/licenses/by-nc-sa/4.0/
7d53568e-0c8d-4c0b-b8f3-af4eb1fcd889,,,,,,,https://cdn.plantatlas.org/img/specimens/USF/8444.jpg,,,,,,,,,,,,,,,,,,,,,,,,,,,,,,,,,,,,,,,https://cdn.plantatlas.org/img/specimens/USF/thumbs/8444.jpg,Thumbnail,,image/jpeg,,https://creativecommons.org/licenses/by-nc-sa/4.0/,,StillImage,,,,,,,,https://cdn.plantatlas.org/img/specimens/USF/8444.jpg,,,,,,https://creativecommons.org/licenses/by-nc-sa/4.0/,,,"Sorghastrum secundum (Elliott) Nash - USA, Georgia (BARCODE: 8444) - USF Herbarium",http://purl.org/dc/dcmitype/StillImage,,,,,,,,,,,,,,,,,,,,,,,,,,,,,,,,,,,,,,,,,,,,,,,,,,,,,,,,,,,,,,University of South Florida Herbarium (USF),,https://creativecommons.org/licenses/by-nc-sa/4.0/
937ebcd9-1043-4e73-94e7-6b4ddf35da8a,,,,,,,https://cdn.plantatlas.org/img/specimens/USF/155415.jpg,,,,,,,,,,,,,,,,,,,,,,,,,,,,,,,,,,,,,,,https://cdn.plantatlas.org/img/specimens/USF/thumbs/155415.jpg,Thumbnail,,image/jpeg,,https://creativecommons.org/licenses/by-nc-sa/4.0/,,StillImage,,,,,,,,https://cdn.plantatlas.org/img/specimens/USF/155415.jpg,,,,,,https://creativecommons.org/licenses/by-nc-sa/4.0/,,,"Sorghastrum secundum (Elliott) Nash - USA, Florida (BARCODE: 155415) - USF Herbarium",http://purl.org/dc/dcmitype/StillImage,,,,,,,,,,,,,,,,,,,,,,,,,,,,,,,,,,,,,,,,,,,,,,,,,,,,,,,,,,,,,,University of South Florida Herbarium (USF),,https://creativecommons.org/licenses/by-nc-sa/4.0/
2e84e483-1ce3-4658-820e-87c55a5f2f11,,,,,,,https://cdn.plantatlas.org/img/specimens/USF/167541.jpg,,,,,,,,,,,,,,,,,,,,,,,,,,,,,,,,,,,,,,,https://cdn.plantatlas.org/img/specimens/USF/thumbs/167541.jpg,Thumbnail,,image/jpeg,,https://creativecommons.org/licenses/by-nc-sa/4.0/,,StillImage,,,,,,,,https://cdn.plantatlas.org/img/specimens/USF/167541.jpg,,,,,,https://creativecommons.org/licenses/by-nc-sa/4.0/,,,"Sorghastrum secundum (Elliott) Nash - USA, Florida (BARCODE: 167541) - USF Herbarium",http://purl.org/dc/dcmitype/StillImage,,,,,,,,,,,,,,,,,,,,,,,,,,,,,,,,,,,,,,,,,,,,,,,,,,,,,,,,,,,,,,University of South Florida Herbarium (USF),,https://creativecommons.org/licenses/by-nc-sa/4.0/
0950a903-af5a-4049-902a-e7b90a6e0143,,,,,,,https://cdn.plantatlas.org/img/specimens/USF/210048.jpg,,,,,,,,,,,,,,,,,,,,,,,,,,,,,,,,,,,,,,,https://cdn.plantatlas.org/img/specimens/USF/thumbs/210048.jpg,Thumbnail,,image/jpeg,,https://creativecommons.org/licenses/by-nc-sa/4.0/,,StillImage,,,,,,,,https://cdn.plantatlas.org/img/specimens/USF/210048.jpg,,,,,,https://creativecommons.org/licenses/by-nc-sa/4.0/,,,"Sorghastrum secundum (Elliott) Nash - USA, Florida (BARCODE: 210048) - USF Herbarium",http://purl.org/dc/dcmitype/StillImage,,,,,,,,,,,,,,,,,,,,,,,,,,,,,,,,,,,,,,,,,,,,,,,,,,,,,,,,,,,,,,University of South Florida Herbarium (USF),,https://creativecommons.org/licenses/by-nc-sa/4.0/
39b47137-109e-46fb-b235-819f9b2fc908,,,,,,,https://cdn.plantatlas.org/img/specimens/USF/146654.jpg,,,,,,,,,,,,,,,,,,,,,,,,,,,,,,,,,,,,,,,https://cdn.plantatlas.org/img/specimens/USF/thumbs/146654.jpg,Thumbnail,,image/jpeg,,https://creativecommons.org/licenses/by-nc-sa/4.0/,,StillImage,,,,,,,,https://cdn.plantatlas.org/img/specimens/USF/146654.jpg,,,,,,https://creativecommons.org/licenses/by-nc-sa/4.0/,,,"Sorghastrum secundum (Elliott) Nash - USA, Florida (BARCODE: 146654) - USF Herbarium",http://purl.org/dc/dcmitype/StillImage,,,,,,,,,,,,,,,,,,,,,,,,,,,,,,,,,,,,,,,,,,,,,,,,,,,,,,,,,,,,,,University of South Florida Herbarium (USF),,https://creativecommons.org/licenses/by-nc-sa/4.0/
1908b20b-3acc-4554-b70c-17fd70fdd43d,,,,,,,https://cdn.plantatlas.org/img/specimens/USF/249260.jpg,,,,,,,,,,,,,,,,,,,,,,,,,,,,,,,,,,,,,,,https://cdn.plantatlas.org/img/specimens/USF/thumbs/249260.jpg,Thumbnail,,image/jpeg,,https://creativecommons.org/licenses/by-nc-sa/4.0/,,StillImage,,,,,,,,https://cdn.plantatlas.org/img/specimens/USF/249260.jpg,,,,,,https://creativecommons.org/licenses/by-nc-sa/4.0/,,,"Sorghastrum secundum (Elliott) Nash - USA, Florida (BARCODE: 249260) - USF Herbarium",http://purl.org/dc/dcmitype/StillImage,,,,,,,,,,,,,,,,,,,,,,,,,,,,,,,,,,,,,,,,,,,,,,,,,,,,,,,,,,,,,,University of South Florida Herbarium (USF),,https://creativecommons.org/licenses/by-nc-sa/4.0/
d65921cd-6146-468f-bae0-54e1c8fc6a3b,,,,,,,https://cdn.plantatlas.org/img/specimens/USF/239681.jpg,,,,,,,,,,,,,,,,,,,,,,,,,,,,,,,,,,,,,,,https://cdn.plantatlas.org/img/specimens/USF/thumbs/239681.jpg,Thumbnail,,image/jpeg,,https://creativecommons.org/licenses/by-nc-sa/4.0/,,StillImage,,,,,,,,https://cdn.plantatlas.org/img/specimens/USF/239681.jpg,,,,,,https://creativecommons.org/licenses/by-nc-sa/4.0/,,,"Sorghastrum secundum (Elliott) Nash - USA, Florida (BARCODE: 239681) - USF Herbarium",http://purl.org/dc/dcmitype/StillImage,,,,,,,,,,,,,,,,,,,,,,,,,,,,,,,,,,,,,,,,,,,,,,,,,,,,,,,,,,,,,,University of South Florida Herbarium (USF),,https://creativecommons.org/licenses/by-nc-sa/4.0/
d624cc29-feaf-4640-b52d-f337b794c78f,,,,,,,https://cdn.plantatlas.org/img/specimens/USF/52081.jpg,,,,,,,,,,,,,,,,,,,,,,,,,,,,,,,,,,,,,,,https://cdn.plantatlas.org/img/specimens/USF/thumbs/52081.jpg,Thumbnail,,image/jpeg,,https://creativecommons.org/licenses/by-nc-sa/4.0/,,StillImage,,,,,,,,https://cdn.plantatlas.org/img/specimens/USF/52081.jpg,,,,,,https://creativecommons.org/licenses/by-nc-sa/4.0/,,,"Sorghastrum secundum (Elliott) Nash - USA, Florida (BARCODE: 52081) - USF Herbarium",http://purl.org/dc/dcmitype/StillImage,,,,,,,,,,,,,,,,,,,,,,,,,,,,,,,,,,,,,,,,,,,,,,,,,,,,,,,,,,,,,,University of South Florida Herbarium (USF),,https://creativecommons.org/licenses/by-nc-sa/4.0/
dbb5a776-739e-4796-b825-7cffd0d4d12c,,,,,,,https://cdn.plantatlas.org/img/specimens/USF/132728.jpg,,,,,,,,,,,,,,,,,,,,,,,,,,,,,,,,,,,,,,,https://cdn.plantatlas.org/img/specimens/USF/thumbs/132728.jpg,Thumbnail,,image/jpeg,,https://creativecommons.org/licenses/by-nc-sa/4.0/,,StillImage,,,,,,,,https://cdn.plantatlas.org/img/specimens/USF/132728.jpg,,,,,,https://creativecommons.org/licenses/by-nc-sa/4.0/,,,"Sorghastrum secundum (Elliott) Nash - USA, Florida (BARCODE: 132728) - USF Herbarium",http://purl.org/dc/dcmitype/StillImage,,,,,,,,,,,,,,,,,,,,,,,,,,,,,,,,,,,,,,,,,,,,,,,,,,,,,,,,,,,,,,University of South Florida Herbarium (USF),,https://creativecommons.org/licenses/by-nc-sa/4.0/
fbc40b62-1d2a-4a53-a468-932cf5b72b24,,,,,,,https://cdn.plantatlas.org/img/specimens/USF/134908.jpg,,,,,,,,,,,,,,,,,,,,,,,,,,,,,,,,,,,,,,,https://cdn.plantatlas.org/img/specimens/USF/thumbs/134908.jpg,Thumbnail,,image/jpeg,,https://creativecommons.org/licenses/by-nc-sa/4.0/,,StillImage,,,,,,,,https://cdn.plantatlas.org/img/specimens/USF/134908.jpg,,,,,,https://creativecommons.org/licenses/by-nc-sa/4.0/,,,"Sorghastrum secundum (Elliott) Nash - USA, Florida (BARCODE: 134908) - USF Herbarium",http://purl.org/dc/dcmitype/StillImage,,,,,,,,,,,,,,,,,,,,,,,,,,,,,,,,,,,,,,,,,,,,,,,,,,,,,,,,,,,,,,University of South Florida Herbarium (USF),,https://creativecommons.org/licenses/by-nc-sa/4.0/
8ca51dbc-5a76-4d77-a353-460deb0a3a46,,,,,,,https://cdn.plantatlas.org/img/specimens/USF/170096.jpg,,,,,,,,,,,,,,,,,,,,,,,,,,,,,,,,,,,,,,,https://cdn.plantatlas.org/img/specimens/USF/thumbs/170096.jpg,Thumbnail,,image/jpeg,,https://creativecommons.org/licenses/by-nc-sa/4.0/,,StillImage,,,,,,,,https://cdn.plantatlas.org/img/specimens/USF/170096.jpg,,,,,,https://creativecommons.org/licenses/by-nc-sa/4.0/,,,"Sorghastrum secundum (Elliott) Nash - USA, Florida (BARCODE: 170096) - USF Herbarium",http://purl.org/dc/dcmitype/StillImage,,,,,,,,,,,,,,,,,,,,,,,,,,,,,,,,,,,,,,,,,,,,,,,,,,,,,,,,,,,,,,University of South Florida Herbarium (USF),,https://creativecommons.org/licenses/by-nc-sa/4.0/
51d325bb-9505-4cd0-940b-2d7bda700d3a,,,,,,,https://cdn.plantatlas.org/img/specimens/USF/682.jpg,,,,,,,,,,,,,,,,,,,,,,,,,,,,,,,,,,,,,,,https://cdn.plantatlas.org/img/specimens/USF/thumbs/682.jpg,Thumbnail,,image/jpeg,,https://creativecommons.org/licenses/by-nc-sa/4.0/,,StillImage,,,,,,,,https://cdn.plantatlas.org/img/specimens/USF/682.jpg,,,,,,https://creativecommons.org/licenses/by-nc-sa/4.0/,,,"Sorghastrum secundum (Elliott) Nash - USA, Florida (BARCODE: 682) - USF Herbarium",http://purl.org/dc/dcmitype/StillImage,,,,,,,,,,,,,,,,,,,,,,,,,,,,,,,,,,,,,,,,,,,,,,,,,,,,,,,,,,,,,,University of South Florida Herbarium (USF),,https://creativecommons.org/licenses/by-nc-sa/4.0/
1c36bc0f-7880-4c5b-a761-254b2f47ebe6,,,,,,,https://cdn.plantatlas.org/img/specimens/USF/135204.jpg,,,,,,,,,,,,,,,,,,,,,,,,,,,,,,,,,,,,,,,https://cdn.plantatlas.org/img/specimens/USF/thumbs/135204.jpg,Thumbnail,,image/jpeg,,https://creativecommons.org/licenses/by-nc-sa/4.0/,,StillImage,,,,,,,,https://cdn.plantatlas.org/img/specimens/USF/135204.jpg,,,,,,https://creativecommons.org/licenses/by-nc-sa/4.0/,,,"Sorghastrum secundum (Elliott) Nash - USA, Florida (BARCODE: 135204) - USF Herbarium",http://purl.org/dc/dcmitype/StillImage,,,,,,,,,,,,,,,,,,,,,,,,,,,,,,,,,,,,,,,,,,,,,,,,,,,,,,,,,,,,,,University of South Florida Herbarium (USF),,https://creativecommons.org/licenses/by-nc-sa/4.0/
46448df5-7b23-4b01-820e-12e00ae6a966,,,,,,,https://cdn.plantatlas.org/img/specimens/USF/253053.jpg,,,,,,,,,,,,,,,,,,,,,,,,,,,,,,,,,,,,,,,https://cdn.plantatlas.org/img/specimens/USF/thumbs/253053.jpg,Thumbnail,,image/jpeg,,https://creativecommons.org/licenses/by-nc-sa/4.0/,,StillImage,,,,,,,,https://cdn.plantatlas.org/img/specimens/USF/253053.jpg,,,,,,https://creativecommons.org/licenses/by-nc-sa/4.0/,,,"Sorghastrum secundum (Elliott) Nash - USA, Florida (BARCODE: 253053) - USF Herbarium",http://purl.org/dc/dcmitype/StillImage,,,,,,,,,,,,,,,,,,,,,,,,,,,,,,,,,,,,,,,,,,,,,,,,,,,,,,,,,,,,,,University of South Florida Herbarium (USF),,https://creativecommons.org/licenses/by-nc-sa/4.0/
a666e8ed-c264-4798-b8a2-c475757f6ba1,,,,,,,https://cdn.plantatlas.org/img/specimens/USF/188794.jpg,,,,,,,,,,,,,,,,,,,,,,,,,,,,,,,,,,,,,,,https://cdn.plantatlas.org/img/specimens/USF/thumbs/188794.jpg,Thumbnail,,image/jpeg,,https://creativecommons.org/licenses/by-nc-sa/4.0/,,StillImage,,,,,,,,https://cdn.plantatlas.org/img/specimens/USF/188794.jpg,,,,,,https://creativecommons.org/licenses/by-nc-sa/4.0/,,,"Sorghastrum secundum (Elliott) Nash - USA, Florida (BARCODE: 188794) - USF Herbarium",http://purl.org/dc/dcmitype/StillImage,,,,,,,,,,,,,,,,,,,,,,,,,,,,,,,,,,,,,,,,,,,,,,,,,,,,,,,,,,,,,,University of South Florida Herbarium (USF),,https://creativecommons.org/licenses/by-nc-sa/4.0/
26e5b04e-26bd-4770-8563-be1713c28ff4,,,,,,,https://cdn.plantatlas.org/img/specimens/USF/80454.jpg,,,,,,,,,,,,,,,,,,,,,,,,,,,,,,,,,,,,,,,https://cdn.plantatlas.org/img/specimens/USF/thumbs/80454.jpg,Thumbnail,,image/jpeg,,https://creativecommons.org/licenses/by-nc-sa/4.0/,,StillImage,,,,,,,,https://cdn.plantatlas.org/img/specimens/USF/80454.jpg,,,,,,https://creativecommons.org/licenses/by-nc-sa/4.0/,,,"Sorghastrum secundum (Elliott) Nash - USA, Florida (BARCODE: 80454) - USF Herbarium",http://purl.org/dc/dcmitype/StillImage,,,,,,,,,,,,,,,,,,,,,,,,,,,,,,,,,,,,,,,,,,,,,,,,,,,,,,,,,,,,,,University of South Florida Herbarium (USF),,https://creativecommons.org/licenses/by-nc-sa/4.0/
ccd827b0-837a-475c-b2f1-e4ae5450d3bf,,,,,,,https://cdn.plantatlas.org/img/specimens/USF/252866.jpg,,,,,,,,,,,,,,,,,,,,,,,,,,,,,,,,,,,,,,,https://cdn.plantatlas.org/img/specimens/USF/thumbs/252866.jpg,Thumbnail,,image/jpeg,,https://creativecommons.org/licenses/by-nc-sa/4.0/,,StillImage,,,,,,,,https://cdn.plantatlas.org/img/specimens/USF/252866.jpg,,,,,,https://creativecommons.org/licenses/by-nc-sa/4.0/,,,"Sorghastrum secundum (Elliott) Nash - USA, Florida (BARCODE: 252866) - USF Herbarium",http://purl.org/dc/dcmitype/StillImage,,,,,,,,,,,,,,,,,,,,,,,,,,,,,,,,,,,,,,,,,,,,,,,,,,,,,,,,,,,,,,University of South Florida Herbarium (USF),,https://creativecommons.org/licenses/by-nc-sa/4.0/
645594e4-838c-49a5-8961-1eea2c22a92c,,,,,,,https://cdn.plantatlas.org/img/specimens/USF/291014.jpg,,,,,,,,,,,,,,,,,,,,,,,,,,,,,,,,,,,,,,,https://cdn.plantatlas.org/img/specimens/USF/thumbs/291014.jpg,Thumbnail,,image/jpeg,,https://creativecommons.org/licenses/by-nc-sa/4.0/,,StillImage,,,,,,,,https://cdn.plantatlas.org/img/specimens/USF/291014.jpg,,,,,,https://creativecommons.org/licenses/by-nc-sa/4.0/,,,"Sorghastrum secundum (Elliott) Nash - USA, Florida (BARCODE: 291014) - USF Herbarium",http://purl.org/dc/dcmitype/StillImage,,,,,,,,,,,,,,,,,,,,,,,,,,,,,,,,,,,,,,,,,,,,,,,,,,,,,,,,,,,,,,University of South Florida Herbarium (USF),,https://creativecommons.org/licenses/by-nc-sa/4.0/
7ad3ed9c-a0d9-408e-acd7-9b25b5c502e9,,,,,,,https://cdn.plantatlas.org/img/specimens/USF/115851.jpg,,,,,,,,,,,,,,,,,,,,,,,,,,,,,,,,,,,,,,,https://cdn.plantatlas.org/img/specimens/USF/thumbs/115851.jpg,Thumbnail,,image/jpeg,,https://creativecommons.org/licenses/by-nc-sa/4.0/,,StillImage,,,,,,,,https://cdn.plantatlas.org/img/specimens/USF/115851.jpg,,,,,,https://creativecommons.org/licenses/by-nc-sa/4.0/,,,"Sorghastrum secundum (Elliott) Nash - USA, Florida (BARCODE: 115851) - USF Herbarium",http://purl.org/dc/dcmitype/StillImage,,,,,,,,,,,,,,,,,,,,,,,,,,,,,,,,,,,,,,,,,,,,,,,,,,,,,,,,,,,,,,University of South Florida Herbarium (USF),,https://creativecommons.org/licenses/by-nc-sa/4.0/
ec2d5dc8-5b10-4cfd-aafd-f189b081c0a9,,,,,,,https://cdn.plantatlas.org/img/specimens/USF/45944.jpg,,,,,,,,,,,,,,,,,,,,,,,,,,,,,,,,,,,,,,,https://cdn.plantatlas.org/img/specimens/USF/thumbs/45944.jpg,Thumbnail,,image/jpeg,,https://creativecommons.org/licenses/by-nc-sa/4.0/,,StillImage,,,,,,,,https://cdn.plantatlas.org/img/specimens/USF/45944.jpg,,,,,,https://creativecommons.org/licenses/by-nc-sa/4.0/,,,"Sorghastrum secundum (Elliott) Nash - USA, South Carolina (BARCODE: 45944) - USF Herbarium",http://purl.org/dc/dcmitype/StillImage,,,,,,,,,,,,,,,,,,,,,,,,,,,,,,,,,,,,,,,,,,,,,,,,,,,,,,,,,,,,,,University of South Florida Herbarium (USF),,https://creativecommons.org/licenses/by-nc-sa/4.0/
cdb0c3d5-7565-46de-bbc0-4839e2721b79,,,,,,,https://cdn.plantatlas.org/img/specimens/USF/54744.jpg,,,,,,,,,,,,,,,,,,,,,,,,,,,,,,,,,,,,,,,https://cdn.plantatlas.org/img/specimens/USF/thumbs/54744.jpg,Thumbnail,,image/jpeg,,https://creativecommons.org/licenses/by-nc-sa/4.0/,,StillImage,,,,,,,,https://cdn.plantatlas.org/img/specimens/USF/54744.jpg,,,,,,https://creativecommons.org/licenses/by-nc-sa/4.0/,,,"Sorghastrum secundum (Elliott) Nash - USA, Florida (BARCODE: 54744) - USF Herbarium",http://purl.org/dc/dcmitype/StillImage,,,,,,,,,,,,,,,,,,,,,,,,,,,,,,,,,,,,,,,,,,,,,,,,,,,,,,,,,,,,,,University of South Florida Herbarium (USF),,https://creativecommons.org/licenses/by-nc-sa/4.0/
244c8b33-f9ed-4a76-a2d6-da2b616ef42e,,,,,,,https://cdn.plantatlas.org/img/specimens/USF/53603.jpg,,,,,,,,,,,,,,,,,,,,,,,,,,,,,,,,,,,,,,,https://cdn.plantatlas.org/img/specimens/USF/thumbs/53603.jpg,Thumbnail,,image/jpeg,,https://creativecommons.org/licenses/by-nc-sa/4.0/,,StillImage,,,,,,,,https://cdn.plantatlas.org/img/specimens/USF/53603.jpg,,,,,,https://creativecommons.org/licenses/by-nc-sa/4.0/,,,"Sorghastrum secundum (Elliott) Nash - USA, Florida (BARCODE: 53603) - USF Herbarium",http://purl.org/dc/dcmitype/StillImage,,,,,,,,,,,,,,,,,,,,,,,,,,,,,,,,,,,,,,,,,,,,,,,,,,,,,,,,,,,,,,University of South Florida Herbarium (USF),,https://creativecommons.org/licenses/by-nc-sa/4.0/
4051fd63-7364-44ba-a5c7-05e858887d57,,,,,,,https://cdn.plantatlas.org/img/specimens/USF/102325.jpg,,,,,,,,,,,,,,,,,,,,,,,,,,,,,,,,,,,,,,,https://cdn.plantatlas.org/img/specimens/USF/thumbs/102325.jpg,Thumbnail,,image/jpeg,,https://creativecommons.org/licenses/by-nc-sa/4.0/,,StillImage,,,,,,,,https://cdn.plantatlas.org/img/specimens/USF/102325.jpg,,,,,,https://creativecommons.org/licenses/by-nc-sa/4.0/,,,"Sorghastrum secundum (Elliott) Nash - USA, Florida (BARCODE: 102325) - USF Herbarium",http://purl.org/dc/dcmitype/StillImage,,,,,,,,,,,,,,,,,,,,,,,,,,,,,,,,,,,,,,,,,,,,,,,,,,,,,,,,,,,,,,University of South Florida Herbarium (USF),,https://creativecommons.org/licenses/by-nc-sa/4.0/
7217a42d-08d5-4b18-946d-b3e5669aeb6c,,,,,,,https://cdn.plantatlas.org/img/specimens/USF/160733.jpg,,,,,,,,,,,,,,,,,,,,,,,,,,,,,,,,,,,,,,,https://cdn.plantatlas.org/img/specimens/USF/thumbs/160733.jpg,Thumbnail,,image/jpeg,,https://creativecommons.org/licenses/by-nc-sa/4.0/,,StillImage,,,,,,,,https://cdn.plantatlas.org/img/specimens/USF/160733.jpg,,,,,,https://creativecommons.org/licenses/by-nc-sa/4.0/,,,"Sorghastrum secundum (Elliott) Nash - USA, Florida (BARCODE: 160733) - USF Herbarium",http://purl.org/dc/dcmitype/StillImage,,,,,,,,,,,,,,,,,,,,,,,,,,,,,,,,,,,,,,,,,,,,,,,,,,,,,,,,,,,,,,University of South Florida Herbarium (USF),,https://creativecommons.org/licenses/by-nc-sa/4.0/
e3e3db0e-fbf5-4c29-a7be-5fbf2d2948a9,,,,,,,https://cdn.plantatlas.org/img/specimens/USF/132506.jpg,,,,,,,,,,,,,,,,,,,,,,,,,,,,,,,,,,,,,,,https://cdn.plantatlas.org/img/specimens/USF/thumbs/132506.jpg,Thumbnail,,image/jpeg,,https://creativecommons.org/licenses/by-nc-sa/4.0/,,StillImage,,,,,,,,https://cdn.plantatlas.org/img/specimens/USF/132506.jpg,,,,,,https://creativecommons.org/licenses/by-nc-sa/4.0/,,,"Sorghastrum secundum (Elliott) Nash - USA, Florida (BARCODE: 132506) - USF Herbarium",http://purl.org/dc/dcmitype/StillImage,,,,,,,,,,,,,,,,,,,,,,,,,,,,,,,,,,,,,,,,,,,,,,,,,,,,,,,,,,,,,,University of South Florida Herbarium (USF),,https://creativecommons.org/licenses/by-nc-sa/4.0/
50d06de1-1cd5-47a6-9aa3-832458cfe161,,,,,,,https://cdn.plantatlas.org/img/specimens/USF/229076.jpg,,,,,,,,,,,,,,,,,,,,,,,,,,,,,,,,,,,,,,,https://cdn.plantatlas.org/img/specimens/USF/thumbs/229076.jpg,Thumbnail,,image/jpeg,,https://creativecommons.org/licenses/by-nc-sa/4.0/,,StillImage,,,,,,,,https://cdn.plantatlas.org/img/specimens/USF/229076.jpg,,,,,,https://creativecommons.org/licenses/by-nc-sa/4.0/,,,"Sorghastrum secundum (Elliott) Nash - USA, Florida (BARCODE: 229076) - USF Herbarium",http://purl.org/dc/dcmitype/StillImage,,,,,,,,,,,,,,,,,,,,,,,,,,,,,,,,,,,,,,,,,,,,,,,,,,,,,,,,,,,,,,University of South Florida Herbarium (USF),,https://creativecommons.org/licenses/by-nc-sa/4.0/
1175cf7d-6551-4209-a351-f43f512d03c0,,,,,,,https://cdn.plantatlas.org/img/specimens/USF/235363.jpg,,,,,,,,,,,,,,,,,,,,,,,,,,,,,,,,,,,,,,,https://cdn.plantatlas.org/img/specimens/USF/thumbs/235363.jpg,Thumbnail,,image/jpeg,,https://creativecommons.org/licenses/by-nc-sa/4.0/,,StillImage,,,,,,,,https://cdn.plantatlas.org/img/specimens/USF/235363.jpg,,,,,,https://creativecommons.org/licenses/by-nc-sa/4.0/,,,"Sorghastrum secundum (Elliott) Nash - USA, Florida (BARCODE: 235363) - USF Herbarium",http://purl.org/dc/dcmitype/StillImage,,,,,,,,,,,,,,,,,,,,,,,,,,,,,,,,,,,,,,,,,,,,,,,,,,,,,,,,,,,,,,University of South Florida Herbarium (USF),,https://creativecommons.org/licenses/by-nc-sa/4.0/
f2fedfe7-88eb-4353-958d-fbdebd18e203,,,,,,,https://cdn.plantatlas.org/img/specimens/USF/246100.jpg,,,,,,,,,,,,,,,,,,,,,,,,,,,,,,,,,,,,,,,https://cdn.plantatlas.org/img/specimens/USF/thumbs/246100.jpg,Thumbnail,,image/jpeg,,https://creativecommons.org/licenses/by-nc-sa/4.0/,,StillImage,,,,,,,,https://cdn.plantatlas.org/img/specimens/USF/246100.jpg,,,,,,https://creativecommons.org/licenses/by-nc-sa/4.0/,,,"Sorghastrum secundum (Elliott) Nash - USA, Florida (BARCODE: 246100) - USF Herbarium",http://purl.org/dc/dcmitype/StillImage,,,,,,,,,,,,,,,,,,,,,,,,,,,,,,,,,,,,,,,,,,,,,,,,,,,,,,,,,,,,,,University of South Florida Herbarium (USF),,https://creativecommons.org/licenses/by-nc-sa/4.0/
55c605e1-e0ca-4bed-949c-9ebf906da548,,,,,,,https://cdn.plantatlas.org/img/specimens/USF/256074.jpg,,,,,,,,,,,,,,,,,,,,,,,,,,,,,,,,,,,,,,,https://cdn.plantatlas.org/img/specimens/USF/thumbs/256074.jpg,Thumbnail,,image/jpeg,,https://creativecommons.org/licenses/by-nc-sa/4.0/,,StillImage,,,,,,,,https://cdn.plantatlas.org/img/specimens/USF/256074.jpg,,,,,,https://creativecommons.org/licenses/by-nc-sa/4.0/,,,"Sorghastrum secundum (Elliott) Nash - USA, Florida (BARCODE: 256074) - USF Herbarium",http://purl.org/dc/dcmitype/StillImage,,,,,,,,,,,,,,,,,,,,,,,,,,,,,,,,,,,,,,,,,,,,,,,,,,,,,,,,,,,,,,University of South Florida Herbarium (USF),,https://creativecommons.org/licenses/by-nc-sa/4.0/
e7e87e0b-5f2c-4c51-b528-9a9e19b60f2a,,,,,,,https://cdn.plantatlas.org/img/specimens/USF/38635.jpg,,,,,,,,,,,,,,,,,,,,,,,,,,,,,,,,,,,,,,,https://cdn.plantatlas.org/img/specimens/USF/thumbs/38635.jpg,Thumbnail,,image/jpeg,,https://creativecommons.org/licenses/by-nc-sa/4.0/,,StillImage,,,,,,,,https://cdn.plantatlas.org/img/specimens/USF/38635.jpg,,,,,,https://creativecommons.org/licenses/by-nc-sa/4.0/,,,"Sorghastrum secundum (Elliott) Nash - USA, Florida (BARCODE: 38635) - USF Herbarium",http://purl.org/dc/dcmitype/StillImage,,,,,,,,,,,,,,,,,,,,,,,,,,,,,,,,,,,,,,,,,,,,,,,,,,,,,,,,,,,,,,University of South Florida Herbarium (USF),,https://creativecommons.org/licenses/by-nc-sa/4.0/
7d2c7bd7-e3bc-44cc-ae87-2a14b258cbe6,,,,,,,https://cdn.plantatlas.org/img/specimens/USF/203507.jpg,,,,,,,,,,,,,,,,,,,,,,,,,,,,,,,,,,,,,,,https://cdn.plantatlas.org/img/specimens/USF/thumbs/203507.jpg,Thumbnail,,image/jpeg,,https://creativecommons.org/licenses/by-nc-sa/4.0/,,StillImage,,,,,,,,https://cdn.plantatlas.org/img/specimens/USF/203507.jpg,,,,,,https://creativecommons.org/licenses/by-nc-sa/4.0/,,,"Sorghastrum secundum (Elliott) Nash - USA, Florida (BARCODE: 203507) - USF Herbarium",http://purl.org/dc/dcmitype/StillImage,,,,,,,,,,,,,,,,,,,,,,,,,,,,,,,,,,,,,,,,,,,,,,,,,,,,,,,,,,,,,,University of South Florida Herbarium (USF),,https://creativecommons.org/licenses/by-nc-sa/4.0/
e19a5433-834c-4661-aa8c-2ebf8e00c1fa,,,,,,,https://cdn.plantatlas.org/img/specimens/USF/151361.jpg,,,,,,,,,,,,,,,,,,,,,,,,,,,,,,,,,,,,,,,https://cdn.plantatlas.org/img/specimens/USF/thumbs/151361.jpg,Thumbnail,,image/jpeg,,https://creativecommons.org/licenses/by-nc-sa/4.0/,,StillImage,,,,,,,,https://cdn.plantatlas.org/img/specimens/USF/151361.jpg,,,,,,https://creativecommons.org/licenses/by-nc-sa/4.0/,,,"Sorghastrum secundum (Elliott) Nash - USA, Florida (BARCODE: 151361) - USF Herbarium",http://purl.org/dc/dcmitype/StillImage,,,,,,,,,,,,,,,,,,,,,,,,,,,,,,,,,,,,,,,,,,,,,,,,,,,,,,,,,,,,,,University of South Florida Herbarium (USF),,https://creativecommons.org/licenses/by-nc-sa/4.0/
2cda2ee7-8105-495e-ae08-2e67de24d9a3,,,,,,,https://cdn.plantatlas.org/img/specimens/USF/36074.jpg,,,,,,,,,,,,,,,,,,,,,,,,,,,,,,,,,,,,,,,https://cdn.plantatlas.org/img/specimens/USF/thumbs/36074.jpg,Thumbnail,,image/jpeg,,https://creativecommons.org/licenses/by-nc-sa/4.0/,,StillImage,,,,,,,,https://cdn.plantatlas.org/img/specimens/USF/36074.jpg,,,,,,https://creativecommons.org/licenses/by-nc-sa/4.0/,,,"Sorghastrum secundum (Elliott) Nash - USA, Florida (BARCODE: 36074) - USF Herbarium",http://purl.org/dc/dcmitype/StillImage,,,,,,,,,,,,,,,,,,,,,,,,,,,,,,,,,,,,,,,,,,,,,,,,,,,,,,,,,,,,,,University of South Florida Herbarium (USF),,https://creativecommons.org/licenses/by-nc-sa/4.0/
8b37a5b5-0bd9-4e1a-89bf-0f70653fd4f7,,,,,,,https://cdn.plantatlas.org/img/specimens/USF/76307.jpg,,,,,,,,,,,,,,,,,,,,,,,,,,,,,,,,,,,,,,,https://cdn.plantatlas.org/img/specimens/USF/thumbs/76307.jpg,Thumbnail,,image/jpeg,,https://creativecommons.org/licenses/by-nc-sa/4.0/,,StillImage,,,,,,,,https://cdn.plantatlas.org/img/specimens/USF/76307.jpg,,,,,,https://creativecommons.org/licenses/by-nc-sa/4.0/,,,"Sorghastrum secundum (Elliott) Nash - USA, Florida (BARCODE: 76307) - USF Herbarium",http://purl.org/dc/dcmitype/StillImage,,,,,,,,,,,,,,,,,,,,,,,,,,,,,,,,,,,,,,,,,,,,,,,,,,,,,,,,,,,,,,University of South Florida Herbarium (USF),,https://creativecommons.org/licenses/by-nc-sa/4.0/
32f2e531-bd3e-4a69-9e31-a789033b5318,,,,,,,https://cdn.plantatlas.org/img/specimens/USF/120178.jpg,,,,,,,,,,,,,,,,,,,,,,,,,,,,,,,,,,,,,,,https://cdn.plantatlas.org/img/specimens/USF/thumbs/120178.jpg,Thumbnail,,image/jpeg,,https://creativecommons.org/licenses/by-nc-sa/4.0/,,StillImage,,,,,,,,https://cdn.plantatlas.org/img/specimens/USF/120178.jpg,,,,,,https://creativecommons.org/licenses/by-nc-sa/4.0/,,,"Sorghastrum secundum (Elliott) Nash - USA, Florida (BARCODE: 120178) - USF Herbarium",http://purl.org/dc/dcmitype/StillImage,,,,,,,,,,,,,,,,,,,,,,,,,,,,,,,,,,,,,,,,,,,,,,,,,,,,,,,,,,,,,,University of South Florida Herbarium (USF),,https://creativecommons.org/licenses/by-nc-sa/4.0/
0c2b7b1c-5cbf-4443-a22e-aa9cf8d659b3,,,,,,,https://cdn.plantatlas.org/img/specimens/USF/168213.jpg,,,,,,,,,,,,,,,,,,,,,,,,,,,,,,,,,,,,,,,https://cdn.plantatlas.org/img/specimens/USF/thumbs/168213.jpg,Thumbnail,,image/jpeg,,https://creativecommons.org/licenses/by-nc-sa/4.0/,,StillImage,,,,,,,,https://cdn.plantatlas.org/img/specimens/USF/168213.jpg,,,,,,https://creativecommons.org/licenses/by-nc-sa/4.0/,,,"Sorghastrum secundum (Elliott) Nash - USA, Florida (BARCODE: 168213) - USF Herbarium",http://purl.org/dc/dcmitype/StillImage,,,,,,,,,,,,,,,,,,,,,,,,,,,,,,,,,,,,,,,,,,,,,,,,,,,,,,,,,,,,,,University of South Florida Herbarium (USF),,https://creativecommons.org/licenses/by-nc-sa/4.0/
b6de865e-f332-4b8d-a826-4bbb8f39f638,,,,,,,https://cdn.plantatlas.org/img/specimens/USF/204891.jpg,,,,,,,,,,,,,,,,,,,,,,,,,,,,,,,,,,,,,,,https://cdn.plantatlas.org/img/specimens/USF/thumbs/204891.jpg,Thumbnail,,image/jpeg,,https://creativecommons.org/licenses/by-nc-sa/4.0/,,StillImage,,,,,,,,https://cdn.plantatlas.org/img/specimens/USF/204891.jpg,,,,,,https://creativecommons.org/licenses/by-nc-sa/4.0/,,,"Sorghastrum secundum (Elliott) Nash - USA, Florida (BARCODE: 204891) - USF Herbarium",http://purl.org/dc/dcmitype/StillImage,,,,,,,,,,,,,,,,,,,,,,,,,,,,,,,,,,,,,,,,,,,,,,,,,,,,,,,,,,,,,,University of South Florida Herbarium (USF),,https://creativecommons.org/licenses/by-nc-sa/4.0/
6acb27e6-c814-449d-8951-c5b1d5d15b26,,,,,,,https://cdn.plantatlas.org/img/specimens/USF/243788.jpg,,,,,,,,,,,,,,,,,,,,,,,,,,,,,,,,,,,,,,,https://cdn.plantatlas.org/img/specimens/USF/thumbs/243788.jpg,Thumbnail,,image/jpeg,,https://creativecommons.org/licenses/by-nc-sa/4.0/,,StillImage,,,,,,,,https://cdn.plantatlas.org/img/specimens/USF/243788.jpg,,,,,,https://creativecommons.org/licenses/by-nc-sa/4.0/,,,"Sorghastrum secundum (Elliott) Nash - USA, Florida (BARCODE: 243788) - USF Herbarium",http://purl.org/dc/dcmitype/StillImage,,,,,,,,,,,,,,,,,,,,,,,,,,,,,,,,,,,,,,,,,,,,,,,,,,,,,,,,,,,,,,University of South Florida Herbarium (USF),,https://creativecommons.org/licenses/by-nc-sa/4.0/
dfe97306-fcd1-49ec-9257-cab5054fef11,,,,,,,https://cdn.plantatlas.org/img/specimens/USF/279770.jpg,,,,,,,,,,,,,,,,,,,,,,,,,,,,,,,,,,,,,,,https://cdn.plantatlas.org/img/specimens/USF/thumbs/279770.jpg,Thumbnail,,image/jpeg,,https://creativecommons.org/licenses/by-nc-sa/4.0/,,StillImage,,,,,,,,https://cdn.plantatlas.org/img/specimens/USF/279770.jpg,,,,,,https://creativecommons.org/licenses/by-nc-sa/4.0/,,,"Sorghastrum secundum (Elliott) Nash - USA, Florida (BARCODE: 279770) - USF Herbarium",http://purl.org/dc/dcmitype/StillImage,,,,,,,,,,,,,,,,,,,,,,,,,,,,,,,,,,,,,,,,,,,,,,,,,,,,,,,,,,,,,,University of South Florida Herbarium (USF),,https://creativecommons.org/licenses/by-nc-sa/4.0/
e139363f-dd2d-41d6-a3ad-7144d6906ce8,,,,,,,https://cdn.plantatlas.org/img/specimens/USF/136151.jpg,,,,,,,,,,,,,,,,,,,,,,,,,,,,,,,,,,,,,,,https://cdn.plantatlas.org/img/specimens/USF/thumbs/136151.jpg,Thumbnail,,image/jpeg,,https://creativecommons.org/licenses/by-nc-sa/4.0/,,StillImage,,,,,,,,https://cdn.plantatlas.org/img/specimens/USF/136151.jpg,,,,,,https://creativecommons.org/licenses/by-nc-sa/4.0/,,,"Sorghastrum secundum (Elliott) Nash - USA, Georgia (BARCODE: 136151) - USF Herbarium",http://purl.org/dc/dcmitype/StillImage,,,,,,,,,,,,,,,,,,,,,,,,,,,,,,,,,,,,,,,,,,,,,,,,,,,,,,,,,,,,,,University of South Florida Herbarium (USF),,https://creativecommons.org/licenses/by-nc-sa/4.0/
7a399c38-6ef1-4cb5-89ce-a692aa005fac,,,,,,,https://cdn.plantatlas.org/img/specimens/USF/297731.jpg,,,,,,,,,,,,,,,,,,,,,,,,,,,,,,,,,,,,,,,https://cdn.plantatlas.org/img/specimens/USF/thumbs/297731.jpg,Thumbnail,,image/jpeg,,https://creativecommons.org/licenses/by-nc-sa/4.0/,,StillImage,,,,,,,,https://cdn.plantatlas.org/img/specimens/USF/297731.jpg,,,,,,https://creativecommons.org/licenses/by-nc-sa/4.0/,,,"Sorghastrum secundum (Elliott) Nash - USA, Florida (BARCODE: 297731) - USF Herbarium",http://purl.org/dc/dcmitype/StillImage,,,,,,,,,,,,,,,,,,,,,,,,,,,,,,,,,,,,,,,,,,,,,,,,,,,,,,,,,,,,,,University of South Florida Herbarium (USF),,https://creativecommons.org/licenses/by-nc-sa/4.0/
677accd3-1bd8-41e3-93ad-bdfc70720db4,,,,,,,https://cdn.plantatlas.org/img/specimens/USF/181225.jpg,,,,,,,,,,,,,,,,,,,,,,,,,,,,,,,,,,,,,,,https://cdn.plantatlas.org/img/specimens/USF/thumbs/181225.jpg,Thumbnail,,image/jpeg,,https://creativecommons.org/licenses/by-nc-sa/4.0/,,StillImage,,,,,,,,https://cdn.plantatlas.org/img/specimens/USF/181225.jpg,,,,,,https://creativecommons.org/licenses/by-nc-sa/4.0/,,,"Sorghastrum secundum (Elliott) Nash - USA, Florida (BARCODE: 181225) - USF Herbarium",http://purl.org/dc/dcmitype/StillImage,,,,,,,,,,,,,,,,,,,,,,,,,,,,,,,,,,,,,,,,,,,,,,,,,,,,,,,,,,,,,,University of South Florida Herbarium (USF),,https://creativecommons.org/licenses/by-nc-sa/4.0/
7a33eae3-6e4e-48a7-8ce4-b2b7d166ce98,,,,,,,https://cdn.plantatlas.org/img/specimens/USF/222162.jpg,,,,,,,,,,,,,,,,,,,,,,,,,,,,,,,,,,,,,,,https://cdn.plantatlas.org/img/specimens/USF/thumbs/222162.jpg,Thumbnail,,image/jpeg,,https://creativecommons.org/licenses/by-nc-sa/4.0/,,StillImage,,,,,,,,https://cdn.plantatlas.org/img/specimens/USF/222162.jpg,,,,,,https://creativecommons.org/licenses/by-nc-sa/4.0/,,,"Sorghastrum secundum (Elliott) Nash - USA, Florida (BARCODE: 222162) - USF Herbarium",http://purl.org/dc/dcmitype/StillImage,,,,,,,,,,,,,,,,,,,,,,,,,,,,,,,,,,,,,,,,,,,,,,,,,,,,,,,,,,,,,,University of South Florida Herbarium (USF),,https://creativecommons.org/licenses/by-nc-sa/4.0/
a24ef61b-f821-4c43-a6b6-398c8207bfcd,,,,,,,https://cdn.plantatlas.org/img/specimens/USF/239171.jpg,,,,,,,,,,,,,,,,,,,,,,,,,,,,,,,,,,,,,,,https://cdn.plantatlas.org/img/specimens/USF/thumbs/239171.jpg,Thumbnail,,image/jpeg,,https://creativecommons.org/licenses/by-nc-sa/4.0/,,StillImage,,,,,,,,https://cdn.plantatlas.org/img/specimens/USF/239171.jpg,,,,,,https://creativecommons.org/licenses/by-nc-sa/4.0/,,,"Sorghastrum secundum (Elliott) Nash - USA, Florida (BARCODE: 239171) - USF Herbarium",http://purl.org/dc/dcmitype/StillImage,,,,,,,,,,,,,,,,,,,,,,,,,,,,,,,,,,,,,,,,,,,,,,,,,,,,,,,,,,,,,,University of South Florida Herbarium (USF),,https://creativecommons.org/licenses/by-nc-sa/4.0/
a1f11401-09ef-41cc-9982-743a7b63dc55,,,,,,,https://cdn.plantatlas.org/img/specimens/USF/89701.jpg,,,,,,,,,,,,,,,,,,,,,,,,,,,,,,,,,,,,,,,https://cdn.plantatlas.org/img/specimens/USF/thumbs/89701.jpg,Thumbnail,,image/jpeg,,https://creativecommons.org/licenses/by-nc-sa/4.0/,,StillImage,,,,,,,,https://cdn.plantatlas.org/img/specimens/USF/89701.jpg,,,,,,https://creativecommons.org/licenses/by-nc-sa/4.0/,,,"Sorghastrum secundum (Elliott) Nash - USA, South Carolina (BARCODE: 89701) - USF Herbarium",http://purl.org/dc/dcmitype/StillImage,,,,,,,,,,,,,,,,,,,,,,,,,,,,,,,,,,,,,,,,,,,,,,,,,,,,,,,,,,,,,,University of South Florida Herbarium (USF),,https://creativecommons.org/licenses/by-nc-sa/4.0/
80122e5d-b648-4d5c-a425-ff4dd1b40e20,,,,,,,https://cdn.plantatlas.org/img/specimens/USF/167506.jpg,,,,,,,,,,,,,,,,,,,,,,,,,,,,,,,,,,,,,,,https://cdn.plantatlas.org/img/specimens/USF/thumbs/167506.jpg,Thumbnail,,image/jpeg,,https://creativecommons.org/licenses/by-nc-sa/4.0/,,StillImage,,,,,,,,https://cdn.plantatlas.org/img/specimens/USF/167506.jpg,,,,,,https://creativecommons.org/licenses/by-nc-sa/4.0/,,,"Sorghastrum secundum (Elliott) Nash - USA, Florida (BARCODE: 167506) - USF Herbarium",http://purl.org/dc/dcmitype/StillImage,,,,,,,,,,,,,,,,,,,,,,,,,,,,,,,,,,,,,,,,,,,,,,,,,,,,,,,,,,,,,,University of South Florida Herbarium (USF),,https://creativecommons.org/licenses/by-nc-sa/4.0/
31c7e893-4b4c-4ef4-94ec-3b80d10396c0,,,,,,,https://cdn.plantatlas.org/img/specimens/USF/681.jpg,,,,,,,,,,,,,,,,,,,,,,,,,,,,,,,,,,,,,,,https://cdn.plantatlas.org/img/specimens/USF/thumbs/681.jpg,Thumbnail,,image/jpeg,,https://creativecommons.org/licenses/by-nc-sa/4.0/,,StillImage,,,,,,,,https://cdn.plantatlas.org/img/specimens/USF/681.jpg,,,,,,https://creativecommons.org/licenses/by-nc-sa/4.0/,,,"Sorghastrum secundum (Elliott) Nash - USA, Florida (BARCODE: 681) - USF Herbarium",http://purl.org/dc/dcmitype/StillImage,,,,,,,,,,,,,,,,,,,,,,,,,,,,,,,,,,,,,,,,,,,,,,,,,,,,,,,,,,,,,,University of South Florida Herbarium (USF),,https://creativecommons.org/licenses/by-nc-sa/4.0/
b662aa57-e8d7-4099-9d22-b49e4ce11adf,,,,,,,https://cdn.plantatlas.org/img/specimens/USF/126942.jpg,,,,,,,,,,,,,,,,,,,,,,,,,,,,,,,,,,,,,,,https://cdn.plantatlas.org/img/specimens/USF/thumbs/126942.jpg,Thumbnail,,image/jpeg,,https://creativecommons.org/licenses/by-nc-sa/4.0/,,StillImage,,,,,,,,https://cdn.plantatlas.org/img/specimens/USF/126942.jpg,,,,,,https://creativecommons.org/licenses/by-nc-sa/4.0/,,,"Sorghastrum secundum (Elliott) Nash - USA, Florida (BARCODE: 126942) - USF Herbarium",http://purl.org/dc/dcmitype/StillImage,,,,,,,,,,,,,,,,,,,,,,,,,,,,,,,,,,,,,,,,,,,,,,,,,,,,,,,,,,,,,,University of South Florida Herbarium (USF),,https://creativecommons.org/licenses/by-nc-sa/4.0/
d6a34f21-9b73-44ed-9a59-48441802c6d2,,,,,,,https://cdn.plantatlas.org/img/specimens/USF/250241.jpg,,,,,,,,,,,,,,,,,,,,,,,,,,,,,,,,,,,,,,,https://cdn.plantatlas.org/img/specimens/USF/thumbs/250241.jpg,Thumbnail,,image/jpeg,,https://creativecommons.org/licenses/by-nc-sa/4.0/,,StillImage,,,,,,,,https://cdn.plantatlas.org/img/specimens/USF/250241.jpg,,,,,,https://creativecommons.org/licenses/by-nc-sa/4.0/,,,"Sorghastrum secundum (Elliott) Nash - USA, Florida (BARCODE: 250241) - USF Herbarium",http://purl.org/dc/dcmitype/StillImage,,,,,,,,,,,,,,,,,,,,,,,,,,,,,,,,,,,,,,,,,,,,,,,,,,,,,,,,,,,,,,University of South Florida Herbarium (USF),,https://creativecommons.org/licenses/by-nc-sa/4.0/
2e808c66-73fa-4a13-abc6-9e65fca3319e,,,,,,,https://cdn.plantatlas.org/img/specimens/USF/297736.jpg,,,,,,,,,,,,,,,,,,,,,,,,,,,,,,,,,,,,,,,https://cdn.plantatlas.org/img/specimens/USF/thumbs/297736.jpg,Thumbnail,,image/jpeg,,https://creativecommons.org/licenses/by-nc-sa/4.0/,,StillImage,,,,,,,,https://cdn.plantatlas.org/img/specimens/USF/297736.jpg,,,,,,https://creativecommons.org/licenses/by-nc-sa/4.0/,,,"Sorghastrum secundum (Elliott) Nash - USA, Florida (BARCODE: 297736) - USF Herbarium",http://purl.org/dc/dcmitype/StillImage,,,,,,,,,,,,,,,,,,,,,,,,,,,,,,,,,,,,,,,,,,,,,,,,,,,,,,,,,,,,,,University of South Florida Herbarium (USF),,https://creativecommons.org/licenses/by-nc-sa/4.0/
786ca068-f900-4307-a50d-eee8dd00d529,,,,,,,https://cdn.plantatlas.org/img/specimens/USF/272104.jpg,,,,,,,,,,,,,,,,,,,,,,,,,,,,,,,,,,,,,,,https://cdn.plantatlas.org/img/specimens/USF/thumbs/272104.jpg,Thumbnail,,image/jpeg,,https://creativecommons.org/licenses/by-nc-sa/4.0/,,StillImage,,,,,,,,https://cdn.plantatlas.org/img/specimens/USF/272104.jpg,,,,,,https://creativecommons.org/licenses/by-nc-sa/4.0/,,,"Sorghastrum secundum (Elliott) Nash - USA, Florida (BARCODE: 272104) - USF Herbarium",http://purl.org/dc/dcmitype/StillImage,,,,,,,,,,,,,,,,,,,,,,,,,,,,,,,,,,,,,,,,,,,,,,,,,,,,,,,,,,,,,,University of South Florida Herbarium (USF),,https://creativecommons.org/licenses/by-nc-sa/4.0/
7bc81692-0c4c-4de0-a2f2-a5a5d78178a9,,,,,,,https://cdn.plantatlas.org/img/specimens/USF/281902.jpg,,,,,,,,,,,,,,,,,,,,,,,,,,,,,,,,,,,,,,,https://cdn.plantatlas.org/img/specimens/USF/thumbs/281902.jpg,Thumbnail,,image/jpeg,,https://creativecommons.org/licenses/by-nc-sa/4.0/,,StillImage,,,,,,,,https://cdn.plantatlas.org/img/specimens/USF/281902.jpg,,,,,,https://creativecommons.org/licenses/by-nc-sa/4.0/,,,"Sorghastrum secundum (Elliott) Nash - USA, Florida (BARCODE: 281902) - USF Herbarium",http://purl.org/dc/dcmitype/StillImage,,,,,,,,,,,,,,,,,,,,,,,,,,,,,,,,,,,,,,,,,,,,,,,,,,,,,,,,,,,,,,University of South Florida Herbarium (USF),,https://creativecommons.org/licenses/by-nc-sa/4.0/
46113ce8-f2e3-4433-be0f-69293968323e,,,,,,,https://cdn.plantatlas.org/img/specimens/USF/161011.jpg,,,,,,,,,,,,,,,,,,,,,,,,,,,,,,,,,,,,,,,https://cdn.plantatlas.org/img/specimens/USF/thumbs/161011.jpg,Thumbnail,,image/jpeg,,https://creativecommons.org/licenses/by-nc-sa/4.0/,,StillImage,,,,,,,,https://cdn.plantatlas.org/img/specimens/USF/161011.jpg,,,,,,https://creativecommons.org/licenses/by-nc-sa/4.0/,,,"Sorghastrum secundum (Elliott) Nash - USA, Florida (BARCODE: 161011) - USF Herbarium",http://purl.org/dc/dcmitype/StillImage,,,,,,,,,,,,,,,,,,,,,,,,,,,,,,,,,,,,,,,,,,,,,,,,,,,,,,,,,,,,,,University of South Florida Herbarium (USF),,https://creativecommons.org/licenses/by-nc-sa/4.0/
2defecaf-80ac-496a-baad-78be0674012e,,,,,,,https://cdn.plantatlas.org/img/specimens/USF/226081.jpg,,,,,,,,,,,,,,,,,,,,,,,,,,,,,,,,,,,,,,,https://cdn.plantatlas.org/img/specimens/USF/thumbs/226081.jpg,Thumbnail,,image/jpeg,,https://creativecommons.org/licenses/by-nc-sa/4.0/,,StillImage,,,,,,,,https://cdn.plantatlas.org/img/specimens/USF/226081.jpg,,,,,,https://creativecommons.org/licenses/by-nc-sa/4.0/,,,"Sorghastrum secundum (Elliott) Nash - USA, Florida (BARCODE: 226081) - USF Herbarium",http://purl.org/dc/dcmitype/StillImage,,,,,,,,,,,,,,,,,,,,,,,,,,,,,,,,,,,,,,,,,,,,,,,,,,,,,,,,,,,,,,University of South Florida Herbarium (USF),,https://creativecommons.org/licenses/by-nc-sa/4.0/
096d38e6-f7aa-4079-b114-5b47a1854a0c,,,,,,,https://cdn.plantatlas.org/img/specimens/USF/248891.jpg,,,,,,,,,,,,,,,,,,,,,,,,,,,,,,,,,,,,,,,https://cdn.plantatlas.org/img/specimens/USF/thumbs/248891.jpg,Thumbnail,,image/jpeg,,https://creativecommons.org/licenses/by-nc-sa/4.0/,,StillImage,,,,,,,,https://cdn.plantatlas.org/img/specimens/USF/248891.jpg,,,,,,https://creativecommons.org/licenses/by-nc-sa/4.0/,,,"Sorghastrum secundum (Elliott) Nash - USA, Florida (BARCODE: 248891) - USF Herbarium",http://purl.org/dc/dcmitype/StillImage,,,,,,,,,,,,,,,,,,,,,,,,,,,,,,,,,,,,,,,,,,,,,,,,,,,,,,,,,,,,,,University of South Florida Herbarium (USF),,https://creativecommons.org/licenses/by-nc-sa/4.0/
5a1f3cc2-0016-4f9d-86f0-130bfe10ac16,,,,,,,https://cdn.plantatlas.org/img/specimens/USF/115836.jpg,,,,,,,,,,,,,,,,,,,,,,,,,,,,,,,,,,,,,,,https://cdn.plantatlas.org/img/specimens/USF/thumbs/115836.jpg,Thumbnail,,image/jpeg,,https://creativecommons.org/licenses/by-nc-sa/4.0/,,StillImage,,,,,,,,https://cdn.plantatlas.org/img/specimens/USF/115836.jpg,,,,,,https://creativecommons.org/licenses/by-nc-sa/4.0/,,,"Sorghastrum secundum (Elliott) Nash - USA, Florida (BARCODE: 115836) - USF Herbarium",http://purl.org/dc/dcmitype/StillImage,,,,,,,,,,,,,,,,,,,,,,,,,,,,,,,,,,,,,,,,,,,,,,,,,,,,,,,,,,,,,,University of South Florida Herbarium (USF),,https://creativecommons.org/licenses/by-nc-sa/4.0/
b674322c-4149-4f5c-ac29-66e809449682,,,,,,,https://cdn.plantatlas.org/img/specimens/USF/211577.jpg,,,,,,,,,,,,,,,,,,,,,,,,,,,,,,,,,,,,,,,https://cdn.plantatlas.org/img/specimens/USF/thumbs/211577.jpg,Thumbnail,,image/jpeg,,https://creativecommons.org/licenses/by-nc-sa/4.0/,,StillImage,,,,,,,,https://cdn.plantatlas.org/img/specimens/USF/211577.jpg,,,,,,https://creativecommons.org/licenses/by-nc-sa/4.0/,,,"Sorghastrum secundum (Elliott) Nash - USA, Florida (BARCODE: 211577) - USF Herbarium",http://purl.org/dc/dcmitype/StillImage,,,,,,,,,,,,,,,,,,,,,,,,,,,,,,,,,,,,,,,,,,,,,,,,,,,,,,,,,,,,,,University of South Florida Herbarium (USF),,https://creativecommons.org/licenses/by-nc-sa/4.0/
e77435b1-5596-4d79-961f-f2677e57dd70,,,,,,,https://cdn.plantatlas.org/img/specimens/USF/20320.jpg,,,,,,,,,,,,,,,,,,,,,,,,,,,,,,,,,,,,,,,https://cdn.plantatlas.org/img/specimens/USF/thumbs/20320.jpg,Thumbnail,,image/jpeg,,https://creativecommons.org/licenses/by-nc-sa/4.0/,,StillImage,,,,,,,,https://cdn.plantatlas.org/img/specimens/USF/20320.jpg,,,,,,https://creativecommons.org/licenses/by-nc-sa/4.0/,,,"Sorghastrum secundum (Elliott) Nash - USA, Florida (BARCODE: 20320) - USF Herbarium",http://purl.org/dc/dcmitype/StillImage,,,,,,,,,,,,,,,,,,,,,,,,,,,,,,,,,,,,,,,,,,,,,,,,,,,,,,,,,,,,,,University of South Florida Herbarium (USF),,https://creativecommons.org/licenses/by-nc-sa/4.0/
25bbda98-c2d6-4769-813a-f28413ec2826,,,,,,,https://cdn.plantatlas.org/img/specimens/USF/144491.jpg,,,,,,,,,,,,,,,,,,,,,,,,,,,,,,,,,,,,,,,https://cdn.plantatlas.org/img/specimens/USF/thumbs/144491.jpg,Thumbnail,,image/jpeg,,https://creativecommons.org/licenses/by-nc-sa/4.0/,,StillImage,,,,,,,,https://cdn.plantatlas.org/img/specimens/USF/144491.jpg,,,,,,https://creativecommons.org/licenses/by-nc-sa/4.0/,,,"Sorghastrum secundum (Elliott) Nash - USA, Florida (BARCODE: 144491) - USF Herbarium",http://purl.org/dc/dcmitype/StillImage,,,,,,,,,,,,,,,,,,,,,,,,,,,,,,,,,,,,,,,,,,,,,,,,,,,,,,,,,,,,,,University of South Florida Herbarium (USF),,https://creativecommons.org/licenses/by-nc-sa/4.0/
13322b16-0b9a-49ce-8bfe-c827ea2b6766,,,,,,,https://cdn.plantatlas.org/img/specimens/USF/290049.jpg,,,,,,,,,,,,,,,,,,,,,,,,,,,,,,,,,,,,,,,https://cdn.plantatlas.org/img/specimens/USF/thumbs/290049.jpg,Thumbnail,,image/jpeg,,https://creativecommons.org/licenses/by-nc-sa/4.0/,,StillImage,,,,,,,,https://cdn.plantatlas.org/img/specimens/USF/290049.jpg,,,,,,https://creativecommons.org/licenses/by-nc-sa/4.0/,,,"Sorghastrum secundum (Elliott) Nash - USA, Florida (BARCODE: 290049) - USF Herbarium",http://purl.org/dc/dcmitype/StillImage,,,,,,,,,,,,,,,,,,,,,,,,,,,,,,,,,,,,,,,,,,,,,,,,,,,,,,,,,,,,,,University of South Florida Herbarium (USF),,https://creativecommons.org/licenses/by-nc-sa/4.0/
01f06dc4-3728-41c8-8633-4db45b7eb4e4,,,,,,,https://cdn.plantatlas.org/img/specimens/USF/14923.jpg,,,,,,,,,,,,,,,,,,,,,,,,,,,,,,,,,,,,,,,https://cdn.plantatlas.org/img/specimens/USF/thumbs/14923.jpg,Thumbnail,,image/jpeg,,https://creativecommons.org/licenses/by-nc-sa/4.0/,,StillImage,,,,,,,,https://cdn.plantatlas.org/img/specimens/USF/14923.jpg,,,,,,https://creativecommons.org/licenses/by-nc-sa/4.0/,,,"Sorghastrum secundum (Elliott) Nash - USA, Florida (BARCODE: 14923) - USF Herbarium",http://purl.org/dc/dcmitype/StillImage,,,,,,,,,,,,,,,,,,,,,,,,,,,,,,,,,,,,,,,,,,,,,,,,,,,,,,,,,,,,,,University of South Florida Herbarium (USF),,https://creativecommons.org/licenses/by-nc-sa/4.0/
55734b22-788f-4eb6-a12b-1904ed3bd76d,,,,,,,https://cdn.plantatlas.org/img/specimens/USF/124754.jpg,,,,,,,,,,,,,,,,,,,,,,,,,,,,,,,,,,,,,,,https://cdn.plantatlas.org/img/specimens/USF/thumbs/124754.jpg,Thumbnail,,image/jpeg,,https://creativecommons.org/licenses/by-nc-sa/4.0/,,StillImage,,,,,,,,https://cdn.plantatlas.org/img/specimens/USF/124754.jpg,,,,,,https://creativecommons.org/licenses/by-nc-sa/4.0/,,,"Sorghastrum secundum (Elliott) Nash - USA, Florida (BARCODE: 124754) - USF Herbarium",http://purl.org/dc/dcmitype/StillImage,,,,,,,,,,,,,,,,,,,,,,,,,,,,,,,,,,,,,,,,,,,,,,,,,,,,,,,,,,,,,,University of South Florida Herbarium (USF),,https://creativecommons.org/licenses/by-nc-sa/4.0/
437eb0f2-05d0-4a51-bc84-a4c3765d4222,,,,,,,https://cdn.plantatlas.org/img/specimens/USF/134549.jpg,,,,,,,,,,,,,,,,,,,,,,,,,,,,,,,,,,,,,,,https://cdn.plantatlas.org/img/specimens/USF/thumbs/134549.jpg,Thumbnail,,image/jpeg,,https://creativecommons.org/licenses/by-nc-sa/4.0/,,StillImage,,,,,,,,https://cdn.plantatlas.org/img/specimens/USF/134549.jpg,,,,,,https://creativecommons.org/licenses/by-nc-sa/4.0/,,,"Sorghastrum secundum (Elliott) Nash - USA, Florida (BARCODE: 134549) - USF Herbarium",http://purl.org/dc/dcmitype/StillImage,,,,,,,,,,,,,,,,,,,,,,,,,,,,,,,,,,,,,,,,,,,,,,,,,,,,,,,,,,,,,,University of South Florida Herbarium (USF),,https://creativecommons.org/licenses/by-nc-sa/4.0/
4a860b46-4c07-471c-9afb-6a9fabf3f7c2,,,,,,,https://cdn.plantatlas.org/img/specimens/USF/230830.jpg,,,,,,,,,,,,,,,,,,,,,,,,,,,,,,,,,,,,,,,https://cdn.plantatlas.org/img/specimens/USF/thumbs/230830.jpg,Thumbnail,,image/jpeg,,https://creativecommons.org/licenses/by-nc-sa/4.0/,,StillImage,,,,,,,,https://cdn.plantatlas.org/img/specimens/USF/230830.jpg,,,,,,https://creativecommons.org/licenses/by-nc-sa/4.0/,,,"Sorghastrum secundum (Elliott) Nash - USA, Florida (BARCODE: 230830) - USF Herbarium",http://purl.org/dc/dcmitype/StillImage,,,,,,,,,,,,,,,,,,,,,,,,,,,,,,,,,,,,,,,,,,,,,,,,,,,,,,,,,,,,,,University of South Florida Herbarium (USF),,https://creativecommons.org/licenses/by-nc-sa/4.0/
8949b62b-d516-4f2b-a2a9-767c37d1ba34,,,,,,,https://cdn.plantatlas.org/img/specimens/USF/132571.jpg,,,,,,,,,,,,,,,,,,,,,,,,,,,,,,,,,,,,,,,https://cdn.plantatlas.org/img/specimens/USF/thumbs/132571.jpg,Thumbnail,,image/jpeg,,https://creativecommons.org/licenses/by-nc-sa/4.0/,,StillImage,,,,,,,,https://cdn.plantatlas.org/img/specimens/USF/132571.jpg,,,,,,https://creativecommons.org/licenses/by-nc-sa/4.0/,,,"Sorghastrum secundum (Elliott) Nash - USA, Florida (BARCODE: 132571) - USF Herbarium",http://purl.org/dc/dcmitype/StillImage,,,,,,,,,,,,,,,,,,,,,,,,,,,,,,,,,,,,,,,,,,,,,,,,,,,,,,,,,,,,,,University of South Florida Herbarium (USF),,https://creativecommons.org/licenses/by-nc-sa/4.0/
e74ea94b-3b84-45e6-ab9e-d903d1d6ebbe,,,,,,,https://cdn.plantatlas.org/img/specimens/USF/119724.jpg,,,,,,,,,,,,,,,,,,,,,,,,,,,,,,,,,,,,,,,https://cdn.plantatlas.org/img/specimens/USF/thumbs/119724.jpg,Thumbnail,,image/jpeg,,https://creativecommons.org/licenses/by-nc-sa/4.0/,,StillImage,,,,,,,,https://cdn.plantatlas.org/img/specimens/USF/119724.jpg,,,,,,https://creativecommons.org/licenses/by-nc-sa/4.0/,,,"Sorghastrum secundum (Elliott) Nash - USA, Florida (BARCODE: 119724) - USF Herbarium",http://purl.org/dc/dcmitype/StillImage,,,,,,,,,,,,,,,,,,,,,,,,,,,,,,,,,,,,,,,,,,,,,,,,,,,,,,,,,,,,,,University of South Florida Herbarium (USF),,https://creativecommons.org/licenses/by-nc-sa/4.0/
905e4276-c624-4fff-86b5-83ded35dbcb1,,,,,,,https://cdn.plantatlas.org/img/specimens/USF/158717.jpg,,,,,,,,,,,,,,,,,,,,,,,,,,,,,,,,,,,,,,,https://cdn.plantatlas.org/img/specimens/USF/thumbs/158717.jpg,Thumbnail,,image/jpeg,,https://creativecommons.org/licenses/by-nc-sa/4.0/,,StillImage,,,,,,,,https://cdn.plantatlas.org/img/specimens/USF/158717.jpg,,,,,,https://creativecommons.org/licenses/by-nc-sa/4.0/,,,"Sorghastrum secundum (Elliott) Nash - USA, Florida (BARCODE: 158717) - USF Herbarium",http://purl.org/dc/dcmitype/StillImage,,,,,,,,,,,,,,,,,,,,,,,,,,,,,,,,,,,,,,,,,,,,,,,,,,,,,,,,,,,,,,University of South Florida Herbarium (USF),,https://creativecommons.org/licenses/by-nc-sa/4.0/
3e2a8214-e667-4d38-9189-593b88d68036,,,,,,,https://cdn.plantatlas.org/img/specimens/USF/259420.jpg,,,,,,,,,,,,,,,,,,,,,,,,,,,,,,,,,,,,,,,https://cdn.plantatlas.org/img/specimens/USF/thumbs/259420.jpg,Thumbnail,,image/jpeg,,https://creativecommons.org/licenses/by-nc-sa/4.0/,,StillImage,,,,,,,,https://cdn.plantatlas.org/img/specimens/USF/259420.jpg,,,,,,https://creativecommons.org/licenses/by-nc-sa/4.0/,,,"Sorghastrum secundum (Elliott) Nash - USA, Florida (BARCODE: 259420) - USF Herbarium",http://purl.org/dc/dcmitype/StillImage,,,,,,,,,,,,,,,,,,,,,,,,,,,,,,,,,,,,,,,,,,,,,,,,,,,,,,,,,,,,,,University of South Florida Herbarium (USF),,https://creativecommons.org/licenses/by-nc-sa/4.0/
788c1c8a-716c-46dd-94cc-fb573c6ed38e,,,,,,,https://cdn.plantatlas.org/img/specimens/USF/239345.jpg,,,,,,,,,,,,,,,,,,,,,,,,,,,,,,,,,,,,,,,https://cdn.plantatlas.org/img/specimens/USF/thumbs/239345.jpg,Thumbnail,,image/jpeg,,https://creativecommons.org/licenses/by-nc-sa/4.0/,,StillImage,,,,,,,,https://cdn.plantatlas.org/img/specimens/USF/239345.jpg,,,,,,https://creativecommons.org/licenses/by-nc-sa/4.0/,,,"Sorghastrum secundum (Elliott) Nash - USA, Florida (BARCODE: 239345) - USF Herbarium",http://purl.org/dc/dcmitype/StillImage,,,,,,,,,,,,,,,,,,,,,,,,,,,,,,,,,,,,,,,,,,,,,,,,,,,,,,,,,,,,,,University of South Florida Herbarium (USF),,https://creativecommons.org/licenses/by-nc-sa/4.0/
cbc81ab5-2298-4286-b91d-5f02cd7d2858,,,,,,,https://cdn.plantatlas.org/img/specimens/USF/231527.jpg,,,,,,,,,,,,,,,,,,,,,,,,,,,,,,,,,,,,,,,https://cdn.plantatlas.org/img/specimens/USF/thumbs/231527.jpg,Thumbnail,,image/jpeg,,https://creativecommons.org/licenses/by-nc-sa/4.0/,,StillImage,,,,,,,,https://cdn.plantatlas.org/img/specimens/USF/231527.jpg,,,,,,https://creativecommons.org/licenses/by-nc-sa/4.0/,,,"Sorghastrum secundum (Elliott) Nash - USA, Florida (BARCODE: 231527) - USF Herbarium",http://purl.org/dc/dcmitype/StillImage,,,,,,,,,,,,,,,,,,,,,,,,,,,,,,,,,,,,,,,,,,,,,,,,,,,,,,,,,,,,,,University of South Florida Herbarium (USF),,https://creativecommons.org/licenses/by-nc-sa/4.0/
36a9a650-07d6-49c6-a75b-0c1d8681e84e,,,,,,,https://cdn.plantatlas.org/img/specimens/USF/134559.jpg,,,,,,,,,,,,,,,,,,,,,,,,,,,,,,,,,,,,,,,https://cdn.plantatlas.org/img/specimens/USF/thumbs/134559.jpg,Thumbnail,,image/jpeg,,https://creativecommons.org/licenses/by-nc-sa/4.0/,,StillImage,,,,,,,,https://cdn.plantatlas.org/img/specimens/USF/134559.jpg,,,,,,https://creativecommons.org/licenses/by-nc-sa/4.0/,,,"Sorghastrum secundum (Elliott) Nash - USA, Florida (BARCODE: 134559) - USF Herbarium",http://purl.org/dc/dcmitype/StillImage,,,,,,,,,,,,,,,,,,,,,,,,,,,,,,,,,,,,,,,,,,,,,,,,,,,,,,,,,,,,,,University of South Florida Herbarium (USF),,https://creativecommons.org/licenses/by-nc-sa/4.0/
8fa84916-76c0-41b4-bbe5-7986d49dc9c2,,,,,,,https://cdn.plantatlas.org/img/specimens/USF/221208.jpg,,,,,,,,,,,,,,,,,,,,,,,,,,,,,,,,,,,,,,,https://cdn.plantatlas.org/img/specimens/USF/thumbs/221208.jpg,Thumbnail,,image/jpeg,,https://creativecommons.org/licenses/by-nc-sa/4.0/,,StillImage,,,,,,,,https://cdn.plantatlas.org/img/specimens/USF/221208.jpg,,,,,,https://creativecommons.org/licenses/by-nc-sa/4.0/,,,"Sorghastrum secundum (Elliott) Nash - USA, Florida (BARCODE: 221208) - USF Herbarium",http://purl.org/dc/dcmitype/StillImage,,,,,,,,,,,,,,,,,,,,,,,,,,,,,,,,,,,,,,,,,,,,,,,,,,,,,,,,,,,,,,University of South Florida Herbarium (USF),,https://creativecommons.org/licenses/by-nc-sa/4.0/
f3b7e780-ea92-48bf-bb4d-0202604a6721,,,,,,,https://cdn.plantatlas.org/img/specimens/USF/136752.jpg,,,,,,,,,,,,,,,,,,,,,,,,,,,,,,,,,,,,,,,https://cdn.plantatlas.org/img/specimens/USF/thumbs/136752.jpg,Thumbnail,,image/jpeg,,https://creativecommons.org/licenses/by-nc-sa/4.0/,,StillImage,,,,,,,,https://cdn.plantatlas.org/img/specimens/USF/136752.jpg,,,,,,https://creativecommons.org/licenses/by-nc-sa/4.0/,,,"Sorghastrum secundum (Elliott) Nash - USA, Florida (BARCODE: 136752) - USF Herbarium",http://purl.org/dc/dcmitype/StillImage,,,,,,,,,,,,,,,,,,,,,,,,,,,,,,,,,,,,,,,,,,,,,,,,,,,,,,,,,,,,,,University of South Florida Herbarium (USF),,https://creativecommons.org/licenses/by-nc-sa/4.0/
a22090f4-a59a-4648-92ed-cb4fb02b1093,,,,,,,https://cdn.plantatlas.org/img/specimens/USF/42932.jpg,,,,,,,,,,,,,,,,,,,,,,,,,,,,,,,,,,,,,,,https://cdn.plantatlas.org/img/specimens/USF/thumbs/42932.jpg,Thumbnail,,image/jpeg,,https://creativecommons.org/licenses/by-nc-sa/4.0/,,StillImage,,,,,,,,https://cdn.plantatlas.org/img/specimens/USF/42932.jpg,,,,,,https://creativecommons.org/licenses/by-nc-sa/4.0/,,,"Sorghastrum secundum (Elliott) Nash - USA, Florida (BARCODE: 42932) - USF Herbarium",http://purl.org/dc/dcmitype/StillImage,,,,,,,,,,,,,,,,,,,,,,,,,,,,,,,,,,,,,,,,,,,,,,,,,,,,,,,,,,,,,,University of South Florida Herbarium (USF),,https://creativecommons.org/licenses/by-nc-sa/4.0/
f333b55f-bc85-41c3-995f-724a5dc53265,,,,,,,https://cdn.plantatlas.org/img/specimens/USF/222786.jpg,,,,,,,,,,,,,,,,,,,,,,,,,,,,,,,,,,,,,,,https://cdn.plantatlas.org/img/specimens/USF/thumbs/222786.jpg,Thumbnail,,image/jpeg,,https://creativecommons.org/licenses/by-nc-sa/4.0/,,StillImage,,,,,,,,https://cdn.plantatlas.org/img/specimens/USF/222786.jpg,,,,,,https://creativecommons.org/licenses/by-nc-sa/4.0/,,,"Sorghastrum secundum (Elliott) Nash - USA, Florida (BARCODE: 222786) - USF Herbarium",http://purl.org/dc/dcmitype/StillImage,,,,,,,,,,,,,,,,,,,,,,,,,,,,,,,,,,,,,,,,,,,,,,,,,,,,,,,,,,,,,,University of South Florida Herbarium (USF),,https://creativecommons.org/licenses/by-nc-sa/4.0/
73b4a9f9-cd51-4ad2-8f60-81c74222df56,,,,,,,https://cdn.plantatlas.org/img/specimens/USF/224146.jpg,,,,,,,,,,,,,,,,,,,,,,,,,,,,,,,,,,,,,,,https://cdn.plantatlas.org/img/specimens/USF/thumbs/224146.jpg,Thumbnail,,image/jpeg,,https://creativecommons.org/licenses/by-nc-sa/4.0/,,StillImage,,,,,,,,https://cdn.plantatlas.org/img/specimens/USF/224146.jpg,,,,,,https://creativecommons.org/licenses/by-nc-sa/4.0/,,,"Sorghastrum secundum (Elliott) Nash - USA, Florida (BARCODE: 224146) - USF Herbarium",http://purl.org/dc/dcmitype/StillImage,,,,,,,,,,,,,,,,,,,,,,,,,,,,,,,,,,,,,,,,,,,,,,,,,,,,,,,,,,,,,,University of South Florida Herbarium (USF),,https://creativecommons.org/licenses/by-nc-sa/4.0/
ce0e39b1-322b-4695-8a69-7038bba8a232,,,,,,,https://cdn.plantatlas.org/img/specimens/USF/113325.jpg,,,,,,,,,,,,,,,,,,,,,,,,,,,,,,,,,,,,,,,https://cdn.plantatlas.org/img/specimens/USF/thumbs/113325.jpg,Thumbnail,,image/jpeg,,https://creativecommons.org/licenses/by-nc-sa/4.0/,,StillImage,,,,,,,,https://cdn.plantatlas.org/img/specimens/USF/113325.jpg,,,,,,https://creativecommons.org/licenses/by-nc-sa/4.0/,,,"Sorghastrum secundum (Elliott) Nash - USA, Florida (BARCODE: 113325) - USF Herbarium",http://purl.org/dc/dcmitype/StillImage,,,,,,,,,,,,,,,,,,,,,,,,,,,,,,,,,,,,,,,,,,,,,,,,,,,,,,,,,,,,,,University of South Florida Herbarium (USF),,https://creativecommons.org/licenses/by-nc-sa/4.0/
03bf54e6-2cef-4d7d-bff1-5d4b9356c023,,,,,,,https://cdn.plantatlas.org/img/specimens/USF/249169.jpg,,,,,,,,,,,,,,,,,,,,,,,,,,,,,,,,,,,,,,,https://cdn.plantatlas.org/img/specimens/USF/thumbs/249169.jpg,Thumbnail,,image/jpeg,,https://creativecommons.org/licenses/by-nc-sa/4.0/,,StillImage,,,,,,,,https://cdn.plantatlas.org/img/specimens/USF/249169.jpg,,,,,,https://creativecommons.org/licenses/by-nc-sa/4.0/,,,"Sorghastrum secundum (Elliott) Nash - USA, Florida (BARCODE: 249169) - USF Herbarium",http://purl.org/dc/dcmitype/StillImage,,,,,,,,,,,,,,,,,,,,,,,,,,,,,,,,,,,,,,,,,,,,,,,,,,,,,,,,,,,,,,University of South Florida Herbarium (USF),,https://creativecommons.org/licenses/by-nc-sa/4.0/
440b64f3-a3b6-4275-a261-cd0270ead6cd,,,,,,,https://cdn.plantatlas.org/img/specimens/USF/279652.jpg,,,,,,,,,,,,,,,,,,,,,,,,,,,,,,,,,,,,,,,https://cdn.plantatlas.org/img/specimens/USF/thumbs/279652.jpg,Thumbnail,,image/jpeg,,https://creativecommons.org/licenses/by-nc-sa/4.0/,,StillImage,,,,,,,,https://cdn.plantatlas.org/img/specimens/USF/279652.jpg,,,,,,https://creativecommons.org/licenses/by-nc-sa/4.0/,,,"Sorghastrum secundum (Elliott) Nash - USA, Florida (BARCODE: 279652) - USF Herbarium",http://purl.org/dc/dcmitype/StillImage,,,,,,,,,,,,,,,,,,,,,,,,,,,,,,,,,,,,,,,,,,,,,,,,,,,,,,,,,,,,,,University of South Florida Herbarium (USF),,https://creativecommons.org/licenses/by-nc-sa/4.0/
3d946cc2-b900-4b42-b56b-8acd4eb102ef,,,,,,,https://cdn.plantatlas.org/img/specimens/USF/251907.jpg,,,,,,,,,,,,,,,,,,,,,,,,,,,,,,,,,,,,,,,https://cdn.plantatlas.org/img/specimens/USF/thumbs/251907.jpg,Thumbnail,,image/jpeg,,https://creativecommons.org/licenses/by-nc-sa/4.0/,,StillImage,,,,,,,,https://cdn.plantatlas.org/img/specimens/USF/251907.jpg,,,,,,https://creativecommons.org/licenses/by-nc-sa/4.0/,,,"Sorghastrum secundum (Elliott) Nash - USA, Florida (BARCODE: 251907) - USF Herbarium",http://purl.org/dc/dcmitype/StillImage,,,,,,,,,,,,,,,,,,,,,,,,,,,,,,,,,,,,,,,,,,,,,,,,,,,,,,,,,,,,,,University of South Florida Herbarium (USF),,https://creativecommons.org/licenses/by-nc-sa/4.0/
46efb964-00a6-48b1-90e2-ad63cb26857d,,,,,,,https://cdn.plantatlas.org/img/specimens/USF/63205.jpg,,,,,,,,,,,,,,,,,,,,,,,,,,,,,,,,,,,,,,,https://cdn.plantatlas.org/img/specimens/USF/thumbs/63205.jpg,Thumbnail,,image/jpeg,,https://creativecommons.org/licenses/by-nc-sa/4.0/,,StillImage,,,,,,,,https://cdn.plantatlas.org/img/specimens/USF/63205.jpg,,,,,,https://creativecommons.org/licenses/by-nc-sa/4.0/,,,"Sorghastrum secundum (Elliott) Nash - USA, Florida (BARCODE: 63205) - USF Herbarium",http://purl.org/dc/dcmitype/StillImage,,,,,,,,,,,,,,,,,,,,,,,,,,,,,,,,,,,,,,,,,,,,,,,,,,,,,,,,,,,,,,University of South Florida Herbarium (USF),,https://creativecommons.org/licenses/by-nc-sa/4.0/
ab7c7e00-7ab4-4aff-88d5-a0ca35d06080,,,,,,,https://cdn.plantatlas.org/img/specimens/USF/118842.jpg,,,,,,,,,,,,,,,,,,,,,,,,,,,,,,,,,,,,,,,https://cdn.plantatlas.org/img/specimens/USF/thumbs/118842.jpg,Thumbnail,,image/jpeg,,https://creativecommons.org/licenses/by-nc-sa/4.0/,,StillImage,,,,,,,,https://cdn.plantatlas.org/img/specimens/USF/118842.jpg,,,,,,https://creativecommons.org/licenses/by-nc-sa/4.0/,,,"Sorghastrum secundum (Elliott) Nash - USA, Florida (BARCODE: 118842) - USF Herbarium",http://purl.org/dc/dcmitype/StillImage,,,,,,,,,,,,,,,,,,,,,,,,,,,,,,,,,,,,,,,,,,,,,,,,,,,,,,,,,,,,,,University of South Florida Herbarium (USF),,https://creativecommons.org/licenses/by-nc-sa/4.0/
7878d0e1-7f2b-44f2-9e48-225a9396a730,,,,,,,https://cdn.plantatlas.org/img/specimens/USF/236109.jpg,,,,,,,,,,,,,,,,,,,,,,,,,,,,,,,,,,,,,,,https://cdn.plantatlas.org/img/specimens/USF/thumbs/236109.jpg,Thumbnail,,image/jpeg,,https://creativecommons.org/licenses/by-nc-sa/4.0/,,StillImage,,,,,,,,https://cdn.plantatlas.org/img/specimens/USF/236109.jpg,,,,,,https://creativecommons.org/licenses/by-nc-sa/4.0/,,,"Sorghastrum secundum (Elliott) Nash - USA, Florida (BARCODE: 236109) - USF Herbarium",http://purl.org/dc/dcmitype/StillImage,,,,,,,,,,,,,,,,,,,,,,,,,,,,,,,,,,,,,,,,,,,,,,,,,,,,,,,,,,,,,,University of South Florida Herbarium (USF),,https://creativecommons.org/licenses/by-nc-sa/4.0/
98115177-8321-4fb7-99df-d1147bdec02b,,,,,,,https://cdn.plantatlas.org/img/specimens/USF/295505.jpg,,,,,,,,,,,,,,,,,,,,,,,,,,,,,,,,,,,,,,,https://cdn.plantatlas.org/img/specimens/USF/thumbs/295505.jpg,Thumbnail,,image/jpeg,,https://creativecommons.org/licenses/by-nc-sa/4.0/,,StillImage,,,,,,,,https://cdn.plantatlas.org/img/specimens/USF/295505.jpg,,,,,,https://creativecommons.org/licenses/by-nc-sa/4.0/,,,"Sorghastrum secundum (Elliott) Nash - USA, Florida (BARCODE: 295505) - USF Herbarium",http://purl.org/dc/dcmitype/StillImage,,,,,,,,,,,,,,,,,,,,,,,,,,,,,,,,,,,,,,,,,,,,,,,,,,,,,,,,,,,,,,University of South Florida Herbarium (USF),,https://creativecommons.org/licenses/by-nc-sa/4.0/
8d35563f-bf60-4696-b315-ddd38f529104,,,,,,,https://cdn.plantatlas.org/img/specimens/USF/24829.jpg,,,,,,,,,,,,,,,,,,,,,,,,,,,,,,,,,,,,,,,https://cdn.plantatlas.org/img/specimens/USF/thumbs/24829.jpg,Thumbnail,,image/jpeg,,https://creativecommons.org/licenses/by-nc-sa/4.0/,,StillImage,,,,,,,,https://cdn.plantatlas.org/img/specimens/USF/24829.jpg,,,,,,https://creativecommons.org/licenses/by-nc-sa/4.0/,,,"Sorghastrum secundum (Elliott) Nash - USA, Florida (BARCODE: 24829) - USF Herbarium",http://purl.org/dc/dcmitype/StillImage,,,,,,,,,,,,,,,,,,,,,,,,,,,,,,,,,,,,,,,,,,,,,,,,,,,,,,,,,,,,,,University of South Florida Herbarium (USF),,https://creativecommons.org/licenses/by-nc-sa/4.0/
7cf03fbc-4ac1-4fb8-af98-222cb626a707,,,,,,,https://cdn.plantatlas.org/img/specimens/USF/135264.jpg,,,,,,,,,,,,,,,,,,,,,,,,,,,,,,,,,,,,,,,https://cdn.plantatlas.org/img/specimens/USF/thumbs/135264.jpg,Thumbnail,,image/jpeg,,https://creativecommons.org/licenses/by-nc-sa/4.0/,,StillImage,,,,,,,,https://cdn.plantatlas.org/img/specimens/USF/135264.jpg,,,,,,https://creativecommons.org/licenses/by-nc-sa/4.0/,,,"Sorghastrum secundum (Elliott) Nash - USA, Florida (BARCODE: 135264) - USF Herbarium",http://purl.org/dc/dcmitype/StillImage,,,,,,,,,,,,,,,,,,,,,,,,,,,,,,,,,,,,,,,,,,,,,,,,,,,,,,,,,,,,,,University of South Florida Herbarium (USF),,https://creativecommons.org/licenses/by-nc-sa/4.0/
e270c342-0be7-4707-90d3-5855494e9071,,,,,,,https://cdn.plantatlas.org/img/specimens/USF/178271.jpg,,,,,,,,,,,,,,,,,,,,,,,,,,,,,,,,,,,,,,,https://cdn.plantatlas.org/img/specimens/USF/thumbs/178271.jpg,Thumbnail,,image/jpeg,,https://creativecommons.org/licenses/by-nc-sa/4.0/,,StillImage,,,,,,,,https://cdn.plantatlas.org/img/specimens/USF/178271.jpg,,,,,,https://creativecommons.org/licenses/by-nc-sa/4.0/,,,"Sorghastrum secundum (Elliott) Nash - USA, Alabama (BARCODE: 178271) - USF Herbarium",http://purl.org/dc/dcmitype/StillImage,,,,,,,,,,,,,,,,,,,,,,,,,,,,,,,,,,,,,,,,,,,,,,,,,,,,,,,,,,,,,,University of South Florida Herbarium (USF),,https://creativecommons.org/licenses/by-nc-sa/4.0/
4be020e5-61ef-44da-bb72-9180ef5e58ec,,,,,,,https://cdn.plantatlas.org/img/specimens/USF/231553.jpg,,,,,,,,,,,,,,,,,,,,,,,,,,,,,,,,,,,,,,,https://cdn.plantatlas.org/img/specimens/USF/thumbs/231553.jpg,Thumbnail,,image/jpeg,,https://creativecommons.org/licenses/by-nc-sa/4.0/,,StillImage,,,,,,,,https://cdn.plantatlas.org/img/specimens/USF/231553.jpg,,,,,,https://creativecommons.org/licenses/by-nc-sa/4.0/,,,"Sorghastrum secundum (Elliott) Nash - USA, Florida (BARCODE: 231553) - USF Herbarium",http://purl.org/dc/dcmitype/StillImage,,,,,,,,,,,,,,,,,,,,,,,,,,,,,,,,,,,,,,,,,,,,,,,,,,,,,,,,,,,,,,University of South Florida Herbarium (USF),,https://creativecommons.org/licenses/by-nc-sa/4.0/
5cd1787d-8103-491d-8d24-ffdc4b074bb5,,,,,,,https://cdn.plantatlas.org/img/specimens/USF/260524.jpg,,,,,,,,,,,,,,,,,,,,,,,,,,,,,,,,,,,,,,,https://cdn.plantatlas.org/img/specimens/USF/thumbs/260524.jpg,Thumbnail,,image/jpeg,,https://creativecommons.org/licenses/by-nc-sa/4.0/,,StillImage,,,,,,,,https://cdn.plantatlas.org/img/specimens/USF/260524.jpg,,,,,,https://creativecommons.org/licenses/by-nc-sa/4.0/,,,"Sorghastrum secundum (Elliott) Nash - USA, Florida (BARCODE: 260524) - USF Herbarium",http://purl.org/dc/dcmitype/StillImage,,,,,,,,,,,,,,,,,,,,,,,,,,,,,,,,,,,,,,,,,,,,,,,,,,,,,,,,,,,,,,University of South Florida Herbarium (USF),,https://creativecommons.org/licenses/by-nc-sa/4.0/
a0088985-7f64-4f1b-838d-0cf73cb0caa1,,,,,,,https://cdn.plantatlas.org/img/specimens/USF/81359.jpg,,,,,,,,,,,,,,,,,,,,,,,,,,,,,,,,,,,,,,,https://cdn.plantatlas.org/img/specimens/USF/thumbs/81359.jpg,Thumbnail,,image/jpeg,,https://creativecommons.org/licenses/by-nc-sa/4.0/,,StillImage,,,,,,,,https://cdn.plantatlas.org/img/specimens/USF/81359.jpg,,,,,,https://creativecommons.org/licenses/by-nc-sa/4.0/,,,"Sorghastrum secundum (Elliott) Nash - USA, Florida (BARCODE: 81359) - USF Herbarium",http://purl.org/dc/dcmitype/StillImage,,,,,,,,,,,,,,,,,,,,,,,,,,,,,,,,,,,,,,,,,,,,,,,,,,,,,,,,,,,,,,University of South Florida Herbarium (USF),,https://creativecommons.org/licenses/by-nc-sa/4.0/
c22cb1cd-cbec-49e2-875d-a97b4222ce39,,,,,,,https://cdn.plantatlas.org/img/specimens/USF/199518.jpg,,,,,,,,,,,,,,,,,,,,,,,,,,,,,,,,,,,,,,,https://cdn.plantatlas.org/img/specimens/USF/thumbs/199518.jpg,Thumbnail,,image/jpeg,,https://creativecommons.org/licenses/by-nc-sa/4.0/,,StillImage,,,,,,,,https://cdn.plantatlas.org/img/specimens/USF/199518.jpg,,,,,,https://creativecommons.org/licenses/by-nc-sa/4.0/,,,"Sorghastrum secundum (Elliott) Nash - USA, Georgia (BARCODE: 199518) - USF Herbarium",http://purl.org/dc/dcmitype/StillImage,,,,,,,,,,,,,,,,,,,,,,,,,,,,,,,,,,,,,,,,,,,,,,,,,,,,,,,,,,,,,,University of South Florida Herbarium (USF),,https://creativecommons.org/licenses/by-nc-sa/4.0/
ec1badc4-10f3-4a08-b4c4-ff3297d86f04,,,,,,,https://cdn.plantatlas.org/img/specimens/USF/229846.jpg,,,,,,,,,,,,,,,,,,,,,,,,,,,,,,,,,,,,,,,https://cdn.plantatlas.org/img/specimens/USF/thumbs/229846.jpg,Thumbnail,,image/jpeg,,https://creativecommons.org/licenses/by-nc-sa/4.0/,,StillImage,,,,,,,,https://cdn.plantatlas.org/img/specimens/USF/229846.jpg,,,,,,https://creativecommons.org/licenses/by-nc-sa/4.0/,,,"Sorghastrum secundum (Elliott) Nash - USA, Florida (BARCODE: 229846) - USF Herbarium",http://purl.org/dc/dcmitype/StillImage,,,,,,,,,,,,,,,,,,,,,,,,,,,,,,,,,,,,,,,,,,,,,,,,,,,,,,,,,,,,,,University of South Florida Herbarium (USF),,https://creativecommons.org/licenses/by-nc-sa/4.0/
24e88c62-e223-4a5d-b71b-0e60ba92141f,,,,,,,https://cdn.plantatlas.org/img/specimens/USF/243198.jpg,,,,,,,,,,,,,,,,,,,,,,,,,,,,,,,,,,,,,,,https://cdn.plantatlas.org/img/specimens/USF/thumbs/243198.jpg,Thumbnail,,image/jpeg,,https://creativecommons.org/licenses/by-nc-sa/4.0/,,StillImage,,,,,,,,https://cdn.plantatlas.org/img/specimens/USF/243198.jpg,,,,,,https://creativecommons.org/licenses/by-nc-sa/4.0/,,,"Sorghastrum secundum (Elliott) Nash - USA, Florida (BARCODE: 243198) - USF Herbarium",http://purl.org/dc/dcmitype/StillImage,,,,,,,,,,,,,,,,,,,,,,,,,,,,,,,,,,,,,,,,,,,,,,,,,,,,,,,,,,,,,,University of South Florida Herbarium (USF),,https://creativecommons.org/licenses/by-nc-sa/4.0/
b50ca88e-37a8-4eb8-bc52-cd17790208cd,,,,,,,https://cdn.plantatlas.org/img/specimens/USF/24809.jpg,,,,,,,,,,,,,,,,,,,,,,,,,,,,,,,,,,,,,,,https://cdn.plantatlas.org/img/specimens/USF/thumbs/24809.jpg,Thumbnail,,image/jpeg,,https://creativecommons.org/licenses/by-nc-sa/4.0/,,StillImage,,,,,,,,https://cdn.plantatlas.org/img/specimens/USF/24809.jpg,,,,,,https://creativecommons.org/licenses/by-nc-sa/4.0/,,,"Sorghastrum secundum (Elliott) Nash - USA, Florida (BARCODE: 24809) - USF Herbarium",http://purl.org/dc/dcmitype/StillImage,,,,,,,,,,,,,,,,,,,,,,,,,,,,,,,,,,,,,,,,,,,,,,,,,,,,,,,,,,,,,,University of South Florida Herbarium (USF),,https://creativecommons.org/licenses/by-nc-sa/4.0/
33652c7b-62b7-4261-aebc-10fefbb781a2,,,,,,,https://cdn.plantatlas.org/img/specimens/USF/302919.jpg,,,,,,,,,,,,,,,,,,,,,,,,,,,,,,,,,,,,,,,https://cdn.plantatlas.org/img/specimens/USF/thumbs/302919.jpg,Thumbnail,,image/jpeg,,https://creativecommons.org/licenses/by-nc-sa/4.0/,,StillImage,,,,,,,,https://cdn.plantatlas.org/img/specimens/USF/302919.jpg,,,,,,https://creativecommons.org/licenses/by-nc-sa/4.0/,,,"Sorghastrum secundum (Elliott) Nash - USA, Florida (BARCODE: 302919) - USF Herbarium",http://purl.org/dc/dcmitype/StillImage,,,,,,,,,,,,,,,,,,,,,,,,,,,,,,,,,,,,,,,,,,,,,,,,,,,,,,,,,,,,,,University of South Florida Herbarium (USF),,https://creativecommons.org/licenses/by-nc-sa/4.0/
